time=2025-09-07T18:55:41.801-05:00 level=DEBUG msg="running in debug mode"
time=2025-09-07T18:55:41.802-05:00 level=ERROR msg="could not initialize database connection" error="dial tcp 0.0.0.0:3306: connect: connection refused"
time=2025-09-07T18:55:41.802-05:00 level=INFO msg="fetching resources from remote API..."
time=2025-09-07T18:55:41.802-05:00 level=DEBUG msg="request to external HTTP endpoint" method=GET endpoint="https://forum.rigsofrods.org/api/resources?page=1" headers="map[Accept:[*/*] Accept-Encoding:[gzip, deflate, br] Content-Type:[application/x-www-form-urlencoded] User-Agent:[carbon/vdevelop] Xf-Api-Key:[(redacted)]]"
time=2025-09-07T18:55:42.100-05:00 level=DEBUG msg="request to external HTTP endpoint" method=GET endpoint="https://forum.rigsofrods.org/api/resources?page=4" headers="map[Accept:[*/*] Accept-Encoding:[gzip, deflate, br] Content-Type:[application/x-www-form-urlencoded] User-Agent:[carbon/vdevelop] Xf-Api-Key:[(redacted)]]"
time=2025-09-07T18:55:42.100-05:00 level=DEBUG msg="request to external HTTP endpoint" method=GET endpoint="https://forum.rigsofrods.org/api/resources?page=10" headers="map[Accept:[*/*] Accept-Encoding:[gzip, deflate, br] Content-Type:[application/x-www-form-urlencoded] User-Agent:[carbon/vdevelop] Xf-Api-Key:[(redacted)]]"
time=2025-09-07T18:55:42.100-05:00 level=DEBUG msg="request to external HTTP endpoint" method=GET endpoint="https://forum.rigsofrods.org/api/resources?page=48" headers="map[Accept:[*/*] Accept-Encoding:[gzip, deflate, br] Content-Type:[application/x-www-form-urlencoded] User-Agent:[carbon/vdevelop] Xf-Api-Key:[(redacted)]]"
time=2025-09-07T18:55:42.100-05:00 level=DEBUG msg="request to external HTTP endpoint" method=GET endpoint="https://forum.rigsofrods.org/api/resources?page=14" headers="map[Accept:[*/*] Accept-Encoding:[gzip, deflate, br] Content-Type:[application/x-www-form-urlencoded] User-Agent:[carbon/vdevelop] Xf-Api-Key:[(redacted)]]"
time=2025-09-07T18:55:42.100-05:00 level=DEBUG msg="request to external HTTP endpoint" method=GET endpoint="https://forum.rigsofrods.org/api/resources?page=11" headers="map[Accept:[*/*] Accept-Encoding:[gzip, deflate, br] Content-Type:[application/x-www-form-urlencoded] User-Agent:[carbon/vdevelop] Xf-Api-Key:[(redacted)]]"
time=2025-09-07T18:55:42.100-05:00 level=DEBUG msg="request to external HTTP endpoint" method=GET endpoint="https://forum.rigsofrods.org/api/resources?page=34" headers="map[Accept:[*/*] Accept-Encoding:[gzip, deflate, br] Content-Type:[application/x-www-form-urlencoded] User-Agent:[carbon/vdevelop] Xf-Api-Key:[(redacted)]]"
time=2025-09-07T18:55:42.100-05:00 level=DEBUG msg="request to external HTTP endpoint" method=GET endpoint="https://forum.rigsofrods.org/api/resources?page=13" headers="map[Accept:[*/*] Accept-Encoding:[gzip, deflate, br] Content-Type:[application/x-www-form-urlencoded] User-Agent:[carbon/vdevelop] Xf-Api-Key:[(redacted)]]"
time=2025-09-07T18:55:42.100-05:00 level=DEBUG msg="request to external HTTP endpoint" method=GET endpoint="https://forum.rigsofrods.org/api/resources?page=8" headers="map[Accept:[*/*] Accept-Encoding:[gzip, deflate, br] Content-Type:[application/x-www-form-urlencoded] User-Agent:[carbon/vdevelop] Xf-Api-Key:[(redacted)]]"
time=2025-09-07T18:55:42.100-05:00 level=DEBUG msg="request to external HTTP endpoint" method=GET endpoint="https://forum.rigsofrods.org/api/resources?page=46" headers="map[Accept:[*/*] Accept-Encoding:[gzip, deflate, br] Content-Type:[application/x-www-form-urlencoded] User-Agent:[carbon/vdevelop] Xf-Api-Key:[(redacted)]]"
time=2025-09-07T18:55:42.100-05:00 level=DEBUG msg="request to external HTTP endpoint" method=GET endpoint="https://forum.rigsofrods.org/api/resources?page=44" headers="map[Accept:[*/*] Accept-Encoding:[gzip, deflate, br] Content-Type:[application/x-www-form-urlencoded] User-Agent:[carbon/vdevelop] Xf-Api-Key:[(redacted)]]"
time=2025-09-07T18:55:42.100-05:00 level=DEBUG msg="request to external HTTP endpoint" method=GET endpoint="https://forum.rigsofrods.org/api/resources?page=16" headers="map[Accept:[*/*] Accept-Encoding:[gzip, deflate, br] Content-Type:[application/x-www-form-urlencoded] User-Agent:[carbon/vdevelop] Xf-Api-Key:[(redacted)]]"
time=2025-09-07T18:55:42.100-05:00 level=DEBUG msg="request to external HTTP endpoint" method=GET endpoint="https://forum.rigsofrods.org/api/resources?page=32" headers="map[Accept:[*/*] Accept-Encoding:[gzip, deflate, br] Content-Type:[application/x-www-form-urlencoded] User-Agent:[carbon/vdevelop] Xf-Api-Key:[(redacted)]]"
time=2025-09-07T18:55:42.100-05:00 level=DEBUG msg="request to external HTTP endpoint" method=GET endpoint="https://forum.rigsofrods.org/api/resources?page=33" headers="map[Accept:[*/*] Accept-Encoding:[gzip, deflate, br] Content-Type:[application/x-www-form-urlencoded] User-Agent:[carbon/vdevelop] Xf-Api-Key:[(redacted)]]"
time=2025-09-07T18:55:42.100-05:00 level=DEBUG msg="request to external HTTP endpoint" method=GET endpoint="https://forum.rigsofrods.org/api/resources?page=2" headers="map[Accept:[*/*] Accept-Encoding:[gzip, deflate, br] Content-Type:[application/x-www-form-urlencoded] User-Agent:[carbon/vdevelop] Xf-Api-Key:[(redacted)]]"
time=2025-09-07T18:55:42.100-05:00 level=DEBUG msg="request to external HTTP endpoint" method=GET endpoint="https://forum.rigsofrods.org/api/resources?page=12" headers="map[Accept:[*/*] Accept-Encoding:[gzip, deflate, br] Content-Type:[application/x-www-form-urlencoded] User-Agent:[carbon/vdevelop] Xf-Api-Key:[(redacted)]]"
time=2025-09-07T18:55:42.101-05:00 level=DEBUG msg="request to external HTTP endpoint" method=GET endpoint="https://forum.rigsofrods.org/api/resources?page=22" headers="map[Accept:[*/*] Accept-Encoding:[gzip, deflate, br] Content-Type:[application/x-www-form-urlencoded] User-Agent:[carbon/vdevelop] Xf-Api-Key:[(redacted)]]"
time=2025-09-07T18:55:42.100-05:00 level=DEBUG msg="request to external HTTP endpoint" method=GET endpoint="https://forum.rigsofrods.org/api/resources?page=6" headers="map[Accept:[*/*] Accept-Encoding:[gzip, deflate, br] Content-Type:[application/x-www-form-urlencoded] User-Agent:[carbon/vdevelop] Xf-Api-Key:[(redacted)]]"
time=2025-09-07T18:55:42.100-05:00 level=DEBUG msg="request to external HTTP endpoint" method=GET endpoint="https://forum.rigsofrods.org/api/resources?page=41" headers="map[Accept:[*/*] Accept-Encoding:[gzip, deflate, br] Content-Type:[application/x-www-form-urlencoded] User-Agent:[carbon/vdevelop] Xf-Api-Key:[(redacted)]]"
time=2025-09-07T18:55:42.100-05:00 level=DEBUG msg="request to external HTTP endpoint" method=GET endpoint="https://forum.rigsofrods.org/api/resources?page=5" headers="map[Accept:[*/*] Accept-Encoding:[gzip, deflate, br] Content-Type:[application/x-www-form-urlencoded] User-Agent:[carbon/vdevelop] Xf-Api-Key:[(redacted)]]"
time=2025-09-07T18:55:42.100-05:00 level=DEBUG msg="request to external HTTP endpoint" method=GET endpoint="https://forum.rigsofrods.org/api/resources?page=40" headers="map[Accept:[*/*] Accept-Encoding:[gzip, deflate, br] Content-Type:[application/x-www-form-urlencoded] User-Agent:[carbon/vdevelop] Xf-Api-Key:[(redacted)]]"
time=2025-09-07T18:55:42.100-05:00 level=DEBUG msg="request to external HTTP endpoint" method=GET endpoint="https://forum.rigsofrods.org/api/resources?page=26" headers="map[Accept:[*/*] Accept-Encoding:[gzip, deflate, br] Content-Type:[application/x-www-form-urlencoded] User-Agent:[carbon/vdevelop] Xf-Api-Key:[(redacted)]]"
time=2025-09-07T18:55:42.100-05:00 level=DEBUG msg="request to external HTTP endpoint" method=GET endpoint="https://forum.rigsofrods.org/api/resources?page=42" headers="map[Accept:[*/*] Accept-Encoding:[gzip, deflate, br] Content-Type:[application/x-www-form-urlencoded] User-Agent:[carbon/vdevelop] Xf-Api-Key:[(redacted)]]"
time=2025-09-07T18:55:42.100-05:00 level=DEBUG msg="request to external HTTP endpoint" method=GET endpoint="https://forum.rigsofrods.org/api/resources?page=18" headers="map[Accept:[*/*] Accept-Encoding:[gzip, deflate, br] Content-Type:[application/x-www-form-urlencoded] User-Agent:[carbon/vdevelop] Xf-Api-Key:[(redacted)]]"
time=2025-09-07T18:55:42.100-05:00 level=DEBUG msg="request to external HTTP endpoint" method=GET endpoint="https://forum.rigsofrods.org/api/resources?page=17" headers="map[Accept:[*/*] Accept-Encoding:[gzip, deflate, br] Content-Type:[application/x-www-form-urlencoded] User-Agent:[carbon/vdevelop] Xf-Api-Key:[(redacted)]]"
time=2025-09-07T18:55:42.101-05:00 level=DEBUG msg="request to external HTTP endpoint" method=GET endpoint="https://forum.rigsofrods.org/api/resources?page=30" headers="map[Accept:[*/*] Accept-Encoding:[gzip, deflate, br] Content-Type:[application/x-www-form-urlencoded] User-Agent:[carbon/vdevelop] Xf-Api-Key:[(redacted)]]"
time=2025-09-07T18:55:42.100-05:00 level=DEBUG msg="request to external HTTP endpoint" method=GET endpoint="https://forum.rigsofrods.org/api/resources?page=24" headers="map[Accept:[*/*] Accept-Encoding:[gzip, deflate, br] Content-Type:[application/x-www-form-urlencoded] User-Agent:[carbon/vdevelop] Xf-Api-Key:[(redacted)]]"
time=2025-09-07T18:55:42.100-05:00 level=DEBUG msg="request to external HTTP endpoint" method=GET endpoint="https://forum.rigsofrods.org/api/resources?page=25" headers="map[Accept:[*/*] Accept-Encoding:[gzip, deflate, br] Content-Type:[application/x-www-form-urlencoded] User-Agent:[carbon/vdevelop] Xf-Api-Key:[(redacted)]]"
time=2025-09-07T18:55:42.100-05:00 level=DEBUG msg="request to external HTTP endpoint" method=GET endpoint="https://forum.rigsofrods.org/api/resources?page=45" headers="map[Accept:[*/*] Accept-Encoding:[gzip, deflate, br] Content-Type:[application/x-www-form-urlencoded] User-Agent:[carbon/vdevelop] Xf-Api-Key:[(redacted)]]"
time=2025-09-07T18:55:42.101-05:00 level=DEBUG msg="request to external HTTP endpoint" method=GET endpoint="https://forum.rigsofrods.org/api/resources?page=15" headers="map[Accept:[*/*] Accept-Encoding:[gzip, deflate, br] Content-Type:[application/x-www-form-urlencoded] User-Agent:[carbon/vdevelop] Xf-Api-Key:[(redacted)]]"
time=2025-09-07T18:55:42.100-05:00 level=DEBUG msg="request to external HTTP endpoint" method=GET endpoint="https://forum.rigsofrods.org/api/resources?page=7" headers="map[Accept:[*/*] Accept-Encoding:[gzip, deflate, br] Content-Type:[application/x-www-form-urlencoded] User-Agent:[carbon/vdevelop] Xf-Api-Key:[(redacted)]]"
time=2025-09-07T18:55:42.101-05:00 level=DEBUG msg="request to external HTTP endpoint" method=GET endpoint="https://forum.rigsofrods.org/api/resources?page=43" headers="map[Accept:[*/*] Accept-Encoding:[gzip, deflate, br] Content-Type:[application/x-www-form-urlencoded] User-Agent:[carbon/vdevelop] Xf-Api-Key:[(redacted)]]"
time=2025-09-07T18:55:42.100-05:00 level=DEBUG msg="request to external HTTP endpoint" method=GET endpoint="https://forum.rigsofrods.org/api/resources?page=3" headers="map[Accept:[*/*] Accept-Encoding:[gzip, deflate, br] Content-Type:[application/x-www-form-urlencoded] User-Agent:[carbon/vdevelop] Xf-Api-Key:[(redacted)]]"
time=2025-09-07T18:55:42.101-05:00 level=DEBUG msg="request to external HTTP endpoint" method=GET endpoint="https://forum.rigsofrods.org/api/resources?page=19" headers="map[Accept:[*/*] Accept-Encoding:[gzip, deflate, br] Content-Type:[application/x-www-form-urlencoded] User-Agent:[carbon/vdevelop] Xf-Api-Key:[(redacted)]]"
time=2025-09-07T18:55:42.100-05:00 level=DEBUG msg="request to external HTTP endpoint" method=GET endpoint="https://forum.rigsofrods.org/api/resources?page=35" headers="map[Accept:[*/*] Accept-Encoding:[gzip, deflate, br] Content-Type:[application/x-www-form-urlencoded] User-Agent:[carbon/vdevelop] Xf-Api-Key:[(redacted)]]"
time=2025-09-07T18:55:42.101-05:00 level=DEBUG msg="request to external HTTP endpoint" method=GET endpoint="https://forum.rigsofrods.org/api/resources?page=21" headers="map[Accept:[*/*] Accept-Encoding:[gzip, deflate, br] Content-Type:[application/x-www-form-urlencoded] User-Agent:[carbon/vdevelop] Xf-Api-Key:[(redacted)]]"
time=2025-09-07T18:55:42.101-05:00 level=DEBUG msg="request to external HTTP endpoint" method=GET endpoint="https://forum.rigsofrods.org/api/resources?page=29" headers="map[Accept:[*/*] Accept-Encoding:[gzip, deflate, br] Content-Type:[application/x-www-form-urlencoded] User-Agent:[carbon/vdevelop] Xf-Api-Key:[(redacted)]]"
time=2025-09-07T18:55:42.101-05:00 level=DEBUG msg="request to external HTTP endpoint" method=GET endpoint="https://forum.rigsofrods.org/api/resources?page=27" headers="map[Accept:[*/*] Accept-Encoding:[gzip, deflate, br] Content-Type:[application/x-www-form-urlencoded] User-Agent:[carbon/vdevelop] Xf-Api-Key:[(redacted)]]"
time=2025-09-07T18:55:42.101-05:00 level=DEBUG msg="request to external HTTP endpoint" method=GET endpoint="https://forum.rigsofrods.org/api/resources?page=28" headers="map[Accept:[*/*] Accept-Encoding:[gzip, deflate, br] Content-Type:[application/x-www-form-urlencoded] User-Agent:[carbon/vdevelop] Xf-Api-Key:[(redacted)]]"
time=2025-09-07T18:55:42.101-05:00 level=DEBUG msg="request to external HTTP endpoint" method=GET endpoint="https://forum.rigsofrods.org/api/resources?page=39" headers="map[Accept:[*/*] Accept-Encoding:[gzip, deflate, br] Content-Type:[application/x-www-form-urlencoded] User-Agent:[carbon/vdevelop] Xf-Api-Key:[(redacted)]]"
time=2025-09-07T18:55:42.101-05:00 level=DEBUG msg="request to external HTTP endpoint" method=GET endpoint="https://forum.rigsofrods.org/api/resources?page=37" headers="map[Accept:[*/*] Accept-Encoding:[gzip, deflate, br] Content-Type:[application/x-www-form-urlencoded] User-Agent:[carbon/vdevelop] Xf-Api-Key:[(redacted)]]"
time=2025-09-07T18:55:42.101-05:00 level=DEBUG msg="request to external HTTP endpoint" method=GET endpoint="https://forum.rigsofrods.org/api/resources?page=9" headers="map[Accept:[*/*] Accept-Encoding:[gzip, deflate, br] Content-Type:[application/x-www-form-urlencoded] User-Agent:[carbon/vdevelop] Xf-Api-Key:[(redacted)]]"
time=2025-09-07T18:55:42.102-05:00 level=DEBUG msg="request to external HTTP endpoint" method=GET endpoint="https://forum.rigsofrods.org/api/resources?page=23" headers="map[Accept:[*/*] Accept-Encoding:[gzip, deflate, br] Content-Type:[application/x-www-form-urlencoded] User-Agent:[carbon/vdevelop] Xf-Api-Key:[(redacted)]]"
time=2025-09-07T18:55:42.101-05:00 level=DEBUG msg="request to external HTTP endpoint" method=GET endpoint="https://forum.rigsofrods.org/api/resources?page=31" headers="map[Accept:[*/*] Accept-Encoding:[gzip, deflate, br] Content-Type:[application/x-www-form-urlencoded] User-Agent:[carbon/vdevelop] Xf-Api-Key:[(redacted)]]"
time=2025-09-07T18:55:42.101-05:00 level=DEBUG msg="request to external HTTP endpoint" method=GET endpoint="https://forum.rigsofrods.org/api/resources?page=20" headers="map[Accept:[*/*] Accept-Encoding:[gzip, deflate, br] Content-Type:[application/x-www-form-urlencoded] User-Agent:[carbon/vdevelop] Xf-Api-Key:[(redacted)]]"
time=2025-09-07T18:55:42.101-05:00 level=DEBUG msg="request to external HTTP endpoint" method=GET endpoint="https://forum.rigsofrods.org/api/resources?page=36" headers="map[Accept:[*/*] Accept-Encoding:[gzip, deflate, br] Content-Type:[application/x-www-form-urlencoded] User-Agent:[carbon/vdevelop] Xf-Api-Key:[(redacted)]]"
time=2025-09-07T18:55:42.101-05:00 level=DEBUG msg="request to external HTTP endpoint" method=GET endpoint="https://forum.rigsofrods.org/api/resources?page=47" headers="map[Accept:[*/*] Accept-Encoding:[gzip, deflate, br] Content-Type:[application/x-www-form-urlencoded] User-Agent:[carbon/vdevelop] Xf-Api-Key:[(redacted)]]"
time=2025-09-07T18:55:42.101-05:00 level=DEBUG msg="request to external HTTP endpoint" method=GET endpoint="https://forum.rigsofrods.org/api/resources?page=38" headers="map[Accept:[*/*] Accept-Encoding:[gzip, deflate, br] Content-Type:[application/x-www-form-urlencoded] User-Agent:[carbon/vdevelop] Xf-Api-Key:[(redacted)]]"
time=2025-09-07T18:55:43.624-05:00 level=INFO msg="initializing server schema into the database..."
time=2025-09-07T19:35:10.076-05:00 level=DEBUG msg="running in debug mode"
time=2025-09-07T19:35:10.076-05:00 level=ERROR msg="could not initialize database connection" error="dial tcp 0.0.0.0:3306: connect: connection refused"
time=2025-09-07T19:35:10.076-05:00 level=INFO msg="fetching resources from remote API..."
time=2025-09-07T19:35:10.076-05:00 level=DEBUG msg="request to external HTTP endpoint" method=GET endpoint="https://forum.rigsofrods.org/api/resources?page=1" headers="map[Accept:[*/*] Accept-Encoding:[gzip, deflate, br] Content-Type:[application/x-www-form-urlencoded] User-Agent:[carbon/vdevelop] Xf-Api-Key:[(redacted)]]"
time=2025-09-07T19:35:10.358-05:00 level=DEBUG msg="request to external HTTP endpoint" method=GET endpoint="https://forum.rigsofrods.org/api/resources?page=48" headers="map[Accept:[*/*] Accept-Encoding:[gzip, deflate, br] Content-Type:[application/x-www-form-urlencoded] User-Agent:[carbon/vdevelop] Xf-Api-Key:[(redacted)]]"
time=2025-09-07T19:35:10.358-05:00 level=DEBUG msg="request to external HTTP endpoint" method=GET endpoint="https://forum.rigsofrods.org/api/resources?page=6" headers="map[Accept:[*/*] Accept-Encoding:[gzip, deflate, br] Content-Type:[application/x-www-form-urlencoded] User-Agent:[carbon/vdevelop] Xf-Api-Key:[(redacted)]]"
time=2025-09-07T19:35:10.358-05:00 level=DEBUG msg="request to external HTTP endpoint" method=GET endpoint="https://forum.rigsofrods.org/api/resources?page=28" headers="map[Accept:[*/*] Accept-Encoding:[gzip, deflate, br] Content-Type:[application/x-www-form-urlencoded] User-Agent:[carbon/vdevelop] Xf-Api-Key:[(redacted)]]"
time=2025-09-07T19:35:10.359-05:00 level=DEBUG msg="request to external HTTP endpoint" method=GET endpoint="https://forum.rigsofrods.org/api/resources?page=12" headers="map[Accept:[*/*] Accept-Encoding:[gzip, deflate, br] Content-Type:[application/x-www-form-urlencoded] User-Agent:[carbon/vdevelop] Xf-Api-Key:[(redacted)]]"
time=2025-09-07T19:35:10.359-05:00 level=DEBUG msg="request to external HTTP endpoint" method=GET endpoint="https://forum.rigsofrods.org/api/resources?page=17" headers="map[Accept:[*/*] Accept-Encoding:[gzip, deflate, br] Content-Type:[application/x-www-form-urlencoded] User-Agent:[carbon/vdevelop] Xf-Api-Key:[(redacted)]]"
time=2025-09-07T19:35:10.359-05:00 level=DEBUG msg="request to external HTTP endpoint" method=GET endpoint="https://forum.rigsofrods.org/api/resources?page=25" headers="map[Accept:[*/*] Accept-Encoding:[gzip, deflate, br] Content-Type:[application/x-www-form-urlencoded] User-Agent:[carbon/vdevelop] Xf-Api-Key:[(redacted)]]"
time=2025-09-07T19:35:10.359-05:00 level=DEBUG msg="request to external HTTP endpoint" method=GET endpoint="https://forum.rigsofrods.org/api/resources?page=23" headers="map[Accept:[*/*] Accept-Encoding:[gzip, deflate, br] Content-Type:[application/x-www-form-urlencoded] User-Agent:[carbon/vdevelop] Xf-Api-Key:[(redacted)]]"
time=2025-09-07T19:35:10.359-05:00 level=DEBUG msg="request to external HTTP endpoint" method=GET endpoint="https://forum.rigsofrods.org/api/resources?page=26" headers="map[Accept:[*/*] Accept-Encoding:[gzip, deflate, br] Content-Type:[application/x-www-form-urlencoded] User-Agent:[carbon/vdevelop] Xf-Api-Key:[(redacted)]]"
time=2025-09-07T19:35:10.359-05:00 level=DEBUG msg="request to external HTTP endpoint" method=GET endpoint="https://forum.rigsofrods.org/api/resources?page=44" headers="map[Accept:[*/*] Accept-Encoding:[gzip, deflate, br] Content-Type:[application/x-www-form-urlencoded] User-Agent:[carbon/vdevelop] Xf-Api-Key:[(redacted)]]"
time=2025-09-07T19:35:10.359-05:00 level=DEBUG msg="request to external HTTP endpoint" method=GET endpoint="https://forum.rigsofrods.org/api/resources?page=39" headers="map[Accept:[*/*] Accept-Encoding:[gzip, deflate, br] Content-Type:[application/x-www-form-urlencoded] User-Agent:[carbon/vdevelop] Xf-Api-Key:[(redacted)]]"
time=2025-09-07T19:35:10.359-05:00 level=DEBUG msg="request to external HTTP endpoint" method=GET endpoint="https://forum.rigsofrods.org/api/resources?page=32" headers="map[Accept:[*/*] Accept-Encoding:[gzip, deflate, br] Content-Type:[application/x-www-form-urlencoded] User-Agent:[carbon/vdevelop] Xf-Api-Key:[(redacted)]]"
time=2025-09-07T19:35:10.358-05:00 level=DEBUG msg="request to external HTTP endpoint" method=GET endpoint="https://forum.rigsofrods.org/api/resources?page=16" headers="map[Accept:[*/*] Accept-Encoding:[gzip, deflate, br] Content-Type:[application/x-www-form-urlencoded] User-Agent:[carbon/vdevelop] Xf-Api-Key:[(redacted)]]"
time=2025-09-07T19:35:10.359-05:00 level=DEBUG msg="request to external HTTP endpoint" method=GET endpoint="https://forum.rigsofrods.org/api/resources?page=2" headers="map[Accept:[*/*] Accept-Encoding:[gzip, deflate, br] Content-Type:[application/x-www-form-urlencoded] User-Agent:[carbon/vdevelop] Xf-Api-Key:[(redacted)]]"
time=2025-09-07T19:35:10.359-05:00 level=DEBUG msg="request to external HTTP endpoint" method=GET endpoint="https://forum.rigsofrods.org/api/resources?page=14" headers="map[Accept:[*/*] Accept-Encoding:[gzip, deflate, br] Content-Type:[application/x-www-form-urlencoded] User-Agent:[carbon/vdevelop] Xf-Api-Key:[(redacted)]]"
time=2025-09-07T19:35:10.358-05:00 level=DEBUG msg="request to external HTTP endpoint" method=GET endpoint="https://forum.rigsofrods.org/api/resources?page=22" headers="map[Accept:[*/*] Accept-Encoding:[gzip, deflate, br] Content-Type:[application/x-www-form-urlencoded] User-Agent:[carbon/vdevelop] Xf-Api-Key:[(redacted)]]"
time=2025-09-07T19:35:10.359-05:00 level=DEBUG msg="request to external HTTP endpoint" method=GET endpoint="https://forum.rigsofrods.org/api/resources?page=31" headers="map[Accept:[*/*] Accept-Encoding:[gzip, deflate, br] Content-Type:[application/x-www-form-urlencoded] User-Agent:[carbon/vdevelop] Xf-Api-Key:[(redacted)]]"
time=2025-09-07T19:35:10.360-05:00 level=DEBUG msg="request to external HTTP endpoint" method=GET endpoint="https://forum.rigsofrods.org/api/resources?page=41" headers="map[Accept:[*/*] Accept-Encoding:[gzip, deflate, br] Content-Type:[application/x-www-form-urlencoded] User-Agent:[carbon/vdevelop] Xf-Api-Key:[(redacted)]]"
time=2025-09-07T19:35:10.360-05:00 level=DEBUG msg="request to external HTTP endpoint" method=GET endpoint="https://forum.rigsofrods.org/api/resources?page=46" headers="map[Accept:[*/*] Accept-Encoding:[gzip, deflate, br] Content-Type:[application/x-www-form-urlencoded] User-Agent:[carbon/vdevelop] Xf-Api-Key:[(redacted)]]"
time=2025-09-07T19:35:10.358-05:00 level=DEBUG msg="request to external HTTP endpoint" method=GET endpoint="https://forum.rigsofrods.org/api/resources?page=7" headers="map[Accept:[*/*] Accept-Encoding:[gzip, deflate, br] Content-Type:[application/x-www-form-urlencoded] User-Agent:[carbon/vdevelop] Xf-Api-Key:[(redacted)]]"
time=2025-09-07T19:35:10.360-05:00 level=DEBUG msg="request to external HTTP endpoint" method=GET endpoint="https://forum.rigsofrods.org/api/resources?page=27" headers="map[Accept:[*/*] Accept-Encoding:[gzip, deflate, br] Content-Type:[application/x-www-form-urlencoded] User-Agent:[carbon/vdevelop] Xf-Api-Key:[(redacted)]]"
time=2025-09-07T19:35:10.358-05:00 level=DEBUG msg="request to external HTTP endpoint" method=GET endpoint="https://forum.rigsofrods.org/api/resources?page=4" headers="map[Accept:[*/*] Accept-Encoding:[gzip, deflate, br] Content-Type:[application/x-www-form-urlencoded] User-Agent:[carbon/vdevelop] Xf-Api-Key:[(redacted)]]"
time=2025-09-07T19:35:10.358-05:00 level=DEBUG msg="request to external HTTP endpoint" method=GET endpoint="https://forum.rigsofrods.org/api/resources?page=13" headers="map[Accept:[*/*] Accept-Encoding:[gzip, deflate, br] Content-Type:[application/x-www-form-urlencoded] User-Agent:[carbon/vdevelop] Xf-Api-Key:[(redacted)]]"
time=2025-09-07T19:35:10.358-05:00 level=DEBUG msg="request to external HTTP endpoint" method=GET endpoint="https://forum.rigsofrods.org/api/resources?page=9" headers="map[Accept:[*/*] Accept-Encoding:[gzip, deflate, br] Content-Type:[application/x-www-form-urlencoded] User-Agent:[carbon/vdevelop] Xf-Api-Key:[(redacted)]]"
time=2025-09-07T19:35:10.359-05:00 level=DEBUG msg="request to external HTTP endpoint" method=GET endpoint="https://forum.rigsofrods.org/api/resources?page=8" headers="map[Accept:[*/*] Accept-Encoding:[gzip, deflate, br] Content-Type:[application/x-www-form-urlencoded] User-Agent:[carbon/vdevelop] Xf-Api-Key:[(redacted)]]"
time=2025-09-07T19:35:10.359-05:00 level=DEBUG msg="request to external HTTP endpoint" method=GET endpoint="https://forum.rigsofrods.org/api/resources?page=15" headers="map[Accept:[*/*] Accept-Encoding:[gzip, deflate, br] Content-Type:[application/x-www-form-urlencoded] User-Agent:[carbon/vdevelop] Xf-Api-Key:[(redacted)]]"
time=2025-09-07T19:35:10.359-05:00 level=DEBUG msg="request to external HTTP endpoint" method=GET endpoint="https://forum.rigsofrods.org/api/resources?page=38" headers="map[Accept:[*/*] Accept-Encoding:[gzip, deflate, br] Content-Type:[application/x-www-form-urlencoded] User-Agent:[carbon/vdevelop] Xf-Api-Key:[(redacted)]]"
time=2025-09-07T19:35:10.360-05:00 level=DEBUG msg="request to external HTTP endpoint" method=GET endpoint="https://forum.rigsofrods.org/api/resources?page=37" headers="map[Accept:[*/*] Accept-Encoding:[gzip, deflate, br] Content-Type:[application/x-www-form-urlencoded] User-Agent:[carbon/vdevelop] Xf-Api-Key:[(redacted)]]"
time=2025-09-07T19:35:10.359-05:00 level=DEBUG msg="request to external HTTP endpoint" method=GET endpoint="https://forum.rigsofrods.org/api/resources?page=30" headers="map[Accept:[*/*] Accept-Encoding:[gzip, deflate, br] Content-Type:[application/x-www-form-urlencoded] User-Agent:[carbon/vdevelop] Xf-Api-Key:[(redacted)]]"
time=2025-09-07T19:35:10.359-05:00 level=DEBUG msg="request to external HTTP endpoint" method=GET endpoint="https://forum.rigsofrods.org/api/resources?page=29" headers="map[Accept:[*/*] Accept-Encoding:[gzip, deflate, br] Content-Type:[application/x-www-form-urlencoded] User-Agent:[carbon/vdevelop] Xf-Api-Key:[(redacted)]]"
time=2025-09-07T19:35:10.359-05:00 level=DEBUG msg="request to external HTTP endpoint" method=GET endpoint="https://forum.rigsofrods.org/api/resources?page=19" headers="map[Accept:[*/*] Accept-Encoding:[gzip, deflate, br] Content-Type:[application/x-www-form-urlencoded] User-Agent:[carbon/vdevelop] Xf-Api-Key:[(redacted)]]"
time=2025-09-07T19:35:10.360-05:00 level=DEBUG msg="request to external HTTP endpoint" method=GET endpoint="https://forum.rigsofrods.org/api/resources?page=42" headers="map[Accept:[*/*] Accept-Encoding:[gzip, deflate, br] Content-Type:[application/x-www-form-urlencoded] User-Agent:[carbon/vdevelop] Xf-Api-Key:[(redacted)]]"
time=2025-09-07T19:35:10.359-05:00 level=DEBUG msg="request to external HTTP endpoint" method=GET endpoint="https://forum.rigsofrods.org/api/resources?page=11" headers="map[Accept:[*/*] Accept-Encoding:[gzip, deflate, br] Content-Type:[application/x-www-form-urlencoded] User-Agent:[carbon/vdevelop] Xf-Api-Key:[(redacted)]]"
time=2025-09-07T19:35:10.359-05:00 level=DEBUG msg="request to external HTTP endpoint" method=GET endpoint="https://forum.rigsofrods.org/api/resources?page=3" headers="map[Accept:[*/*] Accept-Encoding:[gzip, deflate, br] Content-Type:[application/x-www-form-urlencoded] User-Agent:[carbon/vdevelop] Xf-Api-Key:[(redacted)]]"
time=2025-09-07T19:35:10.358-05:00 level=DEBUG msg="request to external HTTP endpoint" method=GET endpoint="https://forum.rigsofrods.org/api/resources?page=5" headers="map[Accept:[*/*] Accept-Encoding:[gzip, deflate, br] Content-Type:[application/x-www-form-urlencoded] User-Agent:[carbon/vdevelop] Xf-Api-Key:[(redacted)]]"
time=2025-09-07T19:35:10.359-05:00 level=DEBUG msg="request to external HTTP endpoint" method=GET endpoint="https://forum.rigsofrods.org/api/resources?page=24" headers="map[Accept:[*/*] Accept-Encoding:[gzip, deflate, br] Content-Type:[application/x-www-form-urlencoded] User-Agent:[carbon/vdevelop] Xf-Api-Key:[(redacted)]]"
time=2025-09-07T19:35:10.359-05:00 level=DEBUG msg="request to external HTTP endpoint" method=GET endpoint="https://forum.rigsofrods.org/api/resources?page=18" headers="map[Accept:[*/*] Accept-Encoding:[gzip, deflate, br] Content-Type:[application/x-www-form-urlencoded] User-Agent:[carbon/vdevelop] Xf-Api-Key:[(redacted)]]"
time=2025-09-07T19:35:10.360-05:00 level=DEBUG msg="request to external HTTP endpoint" method=GET endpoint="https://forum.rigsofrods.org/api/resources?page=43" headers="map[Accept:[*/*] Accept-Encoding:[gzip, deflate, br] Content-Type:[application/x-www-form-urlencoded] User-Agent:[carbon/vdevelop] Xf-Api-Key:[(redacted)]]"
time=2025-09-07T19:35:10.359-05:00 level=DEBUG msg="request to external HTTP endpoint" method=GET endpoint="https://forum.rigsofrods.org/api/resources?page=34" headers="map[Accept:[*/*] Accept-Encoding:[gzip, deflate, br] Content-Type:[application/x-www-form-urlencoded] User-Agent:[carbon/vdevelop] Xf-Api-Key:[(redacted)]]"
time=2025-09-07T19:35:10.359-05:00 level=DEBUG msg="request to external HTTP endpoint" method=GET endpoint="https://forum.rigsofrods.org/api/resources?page=20" headers="map[Accept:[*/*] Accept-Encoding:[gzip, deflate, br] Content-Type:[application/x-www-form-urlencoded] User-Agent:[carbon/vdevelop] Xf-Api-Key:[(redacted)]]"
time=2025-09-07T19:35:10.359-05:00 level=DEBUG msg="request to external HTTP endpoint" method=GET endpoint="https://forum.rigsofrods.org/api/resources?page=45" headers="map[Accept:[*/*] Accept-Encoding:[gzip, deflate, br] Content-Type:[application/x-www-form-urlencoded] User-Agent:[carbon/vdevelop] Xf-Api-Key:[(redacted)]]"
time=2025-09-07T19:35:10.359-05:00 level=DEBUG msg="request to external HTTP endpoint" method=GET endpoint="https://forum.rigsofrods.org/api/resources?page=33" headers="map[Accept:[*/*] Accept-Encoding:[gzip, deflate, br] Content-Type:[application/x-www-form-urlencoded] User-Agent:[carbon/vdevelop] Xf-Api-Key:[(redacted)]]"
time=2025-09-07T19:35:10.359-05:00 level=DEBUG msg="request to external HTTP endpoint" method=GET endpoint="https://forum.rigsofrods.org/api/resources?page=35" headers="map[Accept:[*/*] Accept-Encoding:[gzip, deflate, br] Content-Type:[application/x-www-form-urlencoded] User-Agent:[carbon/vdevelop] Xf-Api-Key:[(redacted)]]"
time=2025-09-07T19:35:10.359-05:00 level=DEBUG msg="request to external HTTP endpoint" method=GET endpoint="https://forum.rigsofrods.org/api/resources?page=10" headers="map[Accept:[*/*] Accept-Encoding:[gzip, deflate, br] Content-Type:[application/x-www-form-urlencoded] User-Agent:[carbon/vdevelop] Xf-Api-Key:[(redacted)]]"
time=2025-09-07T19:35:10.359-05:00 level=DEBUG msg="request to external HTTP endpoint" method=GET endpoint="https://forum.rigsofrods.org/api/resources?page=40" headers="map[Accept:[*/*] Accept-Encoding:[gzip, deflate, br] Content-Type:[application/x-www-form-urlencoded] User-Agent:[carbon/vdevelop] Xf-Api-Key:[(redacted)]]"
time=2025-09-07T19:35:10.360-05:00 level=DEBUG msg="request to external HTTP endpoint" method=GET endpoint="https://forum.rigsofrods.org/api/resources?page=47" headers="map[Accept:[*/*] Accept-Encoding:[gzip, deflate, br] Content-Type:[application/x-www-form-urlencoded] User-Agent:[carbon/vdevelop] Xf-Api-Key:[(redacted)]]"
time=2025-09-07T19:35:10.360-05:00 level=DEBUG msg="request to external HTTP endpoint" method=GET endpoint="https://forum.rigsofrods.org/api/resources?page=36" headers="map[Accept:[*/*] Accept-Encoding:[gzip, deflate, br] Content-Type:[application/x-www-form-urlencoded] User-Agent:[carbon/vdevelop] Xf-Api-Key:[(redacted)]]"
time=2025-09-07T19:35:10.360-05:00 level=DEBUG msg="request to external HTTP endpoint" method=GET endpoint="https://forum.rigsofrods.org/api/resources?page=21" headers="map[Accept:[*/*] Accept-Encoding:[gzip, deflate, br] Content-Type:[application/x-www-form-urlencoded] User-Agent:[carbon/vdevelop] Xf-Api-Key:[(redacted)]]"
time=2025-09-21T14:31:01.598-05:00 level=DEBUG msg="running in debug mode"
time=2025-09-21T14:31:01.599-05:00 level=INFO msg="fetching resources from remote API..."
time=2025-09-21T14:31:01.599-05:00 level=DEBUG msg="request to external HTTP endpoint" method=GET endpoint="http://localhost:8080/resources?page=1" headers="map[Accept:[*/*] Accept-Encoding:[gzip, deflate, br] Content-Type:[application/x-www-form-urlencoded] User-Agent:[carbon/vdevelop] Xf-Api-Key:[(redacted)]]"
time=2025-09-21T14:31:01.642-05:00 level=ERROR msg="could not initialize resource manager" error="readObjectStart: expect { or n, but found <, error found in #1 byte of ...|<!DOCTYPE h|..., bigger context ...|<!DOCTYPE html>\n<html id=\"XF\" lang=\"en-US\" dir=\"LTR|...\nremote: could not unmarshal response\ncarbon/remote.(*Response).BindJSON\n\t/home/ren/Repos/carbon/remote/http.go:228\ncarbon/remote.(*client).getResourcesPaged\n\t/home/ren/Repos/carbon/remote/resources.go:211\ncarbon/remote.(*client).GetResources\n\t/home/ren/Repos/carbon/remote/resources.go:31\ncarbon/internal/resource.(*Manager).init\n\t/home/ren/Repos/carbon/internal/resource/manager.go:51\ncarbon/internal/resource.NewManager\n\t/home/ren/Repos/carbon/internal/resource/manager.go:45\ncarbon/cmd.rootCmdRun\n\t/home/ren/Repos/carbon/cmd/root.go:97\ngithub.com/spf13/cobra.(*Command).execute\n\t/home/ren/go/pkg/mod/github.com/spf13/cobra@v1.8.1/command.go:989\ngithub.com/spf13/cobra.(*Command).ExecuteC\n\t/home/ren/go/pkg/mod/github.com/spf13/cobra@v1.8.1/command.go:1117\ngithub.com/spf13/cobra.(*Command).Execute\n\t/home/ren/go/pkg/mod/github.com/spf13/cobra@v1.8.1/command.go:1041\ncarbon/cmd.Execute\n\t/home/ren/Repos/carbon/cmd/root.go:71\nmain.main\n\t/home/ren/Repos/carbon/carbon.go:68\nruntime.main\n\t/usr/lib/golang/src/runtime/proc.go:283\nruntime.goexit\n\t/usr/lib/golang/src/runtime/asm_amd64.s:1700"
time=2025-09-21T14:31:01.642-05:00 level=INFO msg="initializing server schema into the database..."
time=2025-09-21T14:31:01.750-05:00 level=INFO msg="initializing token schema into the database..."
time=2025-09-21T14:31:01.754-05:00 level=INFO msg="initializing api key schema into the database..."
time=2025-09-21T14:31:01.755-05:00 level=INFO msg="initializing client schema into the database..."
time=2025-09-21T14:31:01.849-05:00 level=INFO msg="starting webserver" use_ssl=false use_auto_tls=false host_address=0.0.0.0 host_port=8080
time=2025-09-21T14:31:01.849-05:00 level=INFO msg="web server started"
time=2025-09-21T14:31:01.850-05:00 level=ERROR msg="failed to configure webserver" error="listen tcp 0.0.0.0:8080: bind: address already in use"
time=2025-09-21T14:31:51.796-05:00 level=DEBUG msg="running in debug mode"
time=2025-09-21T14:31:51.797-05:00 level=INFO msg="fetching resources from remote API..."
time=2025-09-21T14:31:51.797-05:00 level=DEBUG msg="request to external HTTP endpoint" method=GET endpoint="http://localhost:8080/resources?page=1" headers="map[Accept:[*/*] Accept-Encoding:[gzip, deflate, br] Content-Type:[application/x-www-form-urlencoded] User-Agent:[carbon/vdevelop] Xf-Api-Key:[(redacted)]]"
time=2025-09-21T14:31:51.835-05:00 level=ERROR msg="could not initialize resource manager" error="readObjectStart: expect { or n, but found <, error found in #1 byte of ...|<!DOCTYPE h|..., bigger context ...|<!DOCTYPE html>\n<html id=\"XF\" lang=\"en-US\" dir=\"LTR|...\nremote: could not unmarshal response\ncarbon/remote.(*Response).BindJSON\n\t/home/ren/Repos/carbon/remote/http.go:228\ncarbon/remote.(*client).getResourcesPaged\n\t/home/ren/Repos/carbon/remote/resources.go:211\ncarbon/remote.(*client).GetResources\n\t/home/ren/Repos/carbon/remote/resources.go:31\ncarbon/internal/resource.(*Manager).init\n\t/home/ren/Repos/carbon/internal/resource/manager.go:51\ncarbon/internal/resource.NewManager\n\t/home/ren/Repos/carbon/internal/resource/manager.go:45\ncarbon/cmd.rootCmdRun\n\t/home/ren/Repos/carbon/cmd/root.go:97\ngithub.com/spf13/cobra.(*Command).execute\n\t/home/ren/go/pkg/mod/github.com/spf13/cobra@v1.8.1/command.go:989\ngithub.com/spf13/cobra.(*Command).ExecuteC\n\t/home/ren/go/pkg/mod/github.com/spf13/cobra@v1.8.1/command.go:1117\ngithub.com/spf13/cobra.(*Command).Execute\n\t/home/ren/go/pkg/mod/github.com/spf13/cobra@v1.8.1/command.go:1041\ncarbon/cmd.Execute\n\t/home/ren/Repos/carbon/cmd/root.go:71\nmain.main\n\t/home/ren/Repos/carbon/carbon.go:68\nruntime.main\n\t/usr/lib/golang/src/runtime/proc.go:283\nruntime.goexit\n\t/usr/lib/golang/src/runtime/asm_amd64.s:1700"
time=2025-09-21T14:31:51.835-05:00 level=INFO msg="initializing server schema into the database..."
time=2025-09-21T14:31:51.840-05:00 level=INFO msg="initializing token schema into the database..."
time=2025-09-21T14:31:51.843-05:00 level=INFO msg="initializing api key schema into the database..."
time=2025-09-21T14:31:51.844-05:00 level=INFO msg="initializing client schema into the database..."
time=2025-09-21T14:31:51.886-05:00 level=INFO msg="starting webserver" use_ssl=false use_auto_tls=false host_address=0.0.0.0 host_port=8081
time=2025-09-21T14:31:51.886-05:00 level=INFO msg="web server started"
time=2025-09-21T14:32:38.041-05:00 level=INFO msg="incoming request" client_ip=127.0.0.1 user_agent="Mozilla/5.0 (X11; Linux x86_64; rv:142.0) Gecko/20100101 Firefox/142.0" latency=110.222µs status_code=200 method=GET path=/
time=2025-09-21T14:32:38.107-05:00 level=INFO msg="incoming request" client_ip=127.0.0.1 user_agent="Mozilla/5.0 (X11; Linux x86_64; rv:142.0) Gecko/20100101 Firefox/142.0" latency=106.882µs status_code=404 method=GET path=/favicon.ico
time=2025-09-21T14:32:41.037-05:00 level=INFO msg="incoming request" client_ip=127.0.0.1 user_agent="Mozilla/5.0 (X11; Linux x86_64; rv:142.0) Gecko/20100101 Firefox/142.0" latency=715.664µs status_code=200 method=GET path=/servers
time=2025-09-21T14:32:51.897-05:00 level=INFO msg="refreshing resources cache from remote API..."
time=2025-09-21T14:32:51.897-05:00 level=DEBUG msg="request to external HTTP endpoint" method=GET endpoint="http://localhost:8080/resources?page=1" headers="map[Accept:[*/*] Accept-Encoding:[gzip, deflate, br] Content-Type:[application/x-www-form-urlencoded] User-Agent:[carbon/vdevelop] Xf-Api-Key:[(redacted)]]"
time=2025-09-21T14:32:51.935-05:00 level=ERROR msg="failed to refresh resource cache" error="readObjectStart: expect { or n, but found <, error found in #1 byte of ...|<!DOCTYPE h|..., bigger context ...|<!DOCTYPE html>\n<html id=\"XF\" lang=\"en-US\" dir=\"LTR|...\nremote: could not unmarshal response\ncarbon/remote.(*Response).BindJSON\n\t/home/ren/Repos/carbon/remote/http.go:228\ncarbon/remote.(*client).getResourcesPaged\n\t/home/ren/Repos/carbon/remote/resources.go:211\ncarbon/remote.(*client).GetResources\n\t/home/ren/Repos/carbon/remote/resources.go:31\ncarbon/internal/resource.(*Manager).AsyncRefreshCache\n\t/home/ren/Repos/carbon/internal/resource/manager.go:66\ncarbon/cmd.rootCmdRun.func1\n\t/home/ren/Repos/carbon/cmd/root.go:143\nruntime.goexit\n\t/usr/lib/golang/src/runtime/asm_amd64.s:1700"
time=2025-09-21T14:32:57.413-05:00 level=INFO msg="incoming request" client_ip=127.0.0.1 user_agent="Mozilla/5.0 (X11; Linux x86_64; rv:142.0) Gecko/20100101 Firefox/142.0" latency=16.131µs status_code=403 method=GET path=/api-keys
time=2025-09-21T14:33:51.935-05:00 level=INFO msg="refreshing resources cache from remote API..."
time=2025-09-21T14:33:51.936-05:00 level=DEBUG msg="request to external HTTP endpoint" method=GET endpoint="http://localhost:8080/resources?page=1" headers="map[Accept:[*/*] Accept-Encoding:[gzip, deflate, br] Content-Type:[application/x-www-form-urlencoded] User-Agent:[carbon/vdevelop] Xf-Api-Key:[(redacted)]]"
time=2025-09-21T14:33:51.975-05:00 level=ERROR msg="failed to refresh resource cache" error="readObjectStart: expect { or n, but found <, error found in #1 byte of ...|<!DOCTYPE h|..., bigger context ...|<!DOCTYPE html>\n<html id=\"XF\" lang=\"en-US\" dir=\"LTR|...\nremote: could not unmarshal response\ncarbon/remote.(*Response).BindJSON\n\t/home/ren/Repos/carbon/remote/http.go:228\ncarbon/remote.(*client).getResourcesPaged\n\t/home/ren/Repos/carbon/remote/resources.go:211\ncarbon/remote.(*client).GetResources\n\t/home/ren/Repos/carbon/remote/resources.go:31\ncarbon/internal/resource.(*Manager).AsyncRefreshCache\n\t/home/ren/Repos/carbon/internal/resource/manager.go:66\ncarbon/cmd.rootCmdRun.func1\n\t/home/ren/Repos/carbon/cmd/root.go:143\nruntime.goexit\n\t/usr/lib/golang/src/runtime/asm_amd64.s:1700"
time=2025-09-21T14:34:52.028-05:00 level=INFO msg="refreshing resources cache from remote API..."
time=2025-09-21T14:34:52.028-05:00 level=DEBUG msg="request to external HTTP endpoint" method=GET endpoint="http://localhost:8080/resources?page=1" headers="map[Accept:[*/*] Accept-Encoding:[gzip, deflate, br] Content-Type:[application/x-www-form-urlencoded] User-Agent:[carbon/vdevelop] Xf-Api-Key:[(redacted)]]"
time=2025-09-21T14:34:52.066-05:00 level=ERROR msg="failed to refresh resource cache" error="readObjectStart: expect { or n, but found <, error found in #1 byte of ...|<!DOCTYPE h|..., bigger context ...|<!DOCTYPE html>\n<html id=\"XF\" lang=\"en-US\" dir=\"LTR|...\nremote: could not unmarshal response\ncarbon/remote.(*Response).BindJSON\n\t/home/ren/Repos/carbon/remote/http.go:228\ncarbon/remote.(*client).getResourcesPaged\n\t/home/ren/Repos/carbon/remote/resources.go:211\ncarbon/remote.(*client).GetResources\n\t/home/ren/Repos/carbon/remote/resources.go:31\ncarbon/internal/resource.(*Manager).AsyncRefreshCache\n\t/home/ren/Repos/carbon/internal/resource/manager.go:66\ncarbon/cmd.rootCmdRun.func1\n\t/home/ren/Repos/carbon/cmd/root.go:143\nruntime.goexit\n\t/usr/lib/golang/src/runtime/asm_amd64.s:1700"
time=2025-09-21T14:35:52.066-05:00 level=INFO msg="refreshing resources cache from remote API..."
time=2025-09-21T14:35:52.066-05:00 level=DEBUG msg="request to external HTTP endpoint" method=GET endpoint="http://localhost:8080/resources?page=1" headers="map[Accept:[*/*] Accept-Encoding:[gzip, deflate, br] Content-Type:[application/x-www-form-urlencoded] User-Agent:[carbon/vdevelop] Xf-Api-Key:[(redacted)]]"
time=2025-09-21T14:35:52.105-05:00 level=ERROR msg="failed to refresh resource cache" error="readObjectStart: expect { or n, but found <, error found in #1 byte of ...|<!DOCTYPE h|..., bigger context ...|<!DOCTYPE html>\n<html id=\"XF\" lang=\"en-US\" dir=\"LTR|...\nremote: could not unmarshal response\ncarbon/remote.(*Response).BindJSON\n\t/home/ren/Repos/carbon/remote/http.go:228\ncarbon/remote.(*client).getResourcesPaged\n\t/home/ren/Repos/carbon/remote/resources.go:211\ncarbon/remote.(*client).GetResources\n\t/home/ren/Repos/carbon/remote/resources.go:31\ncarbon/internal/resource.(*Manager).AsyncRefreshCache\n\t/home/ren/Repos/carbon/internal/resource/manager.go:66\ncarbon/cmd.rootCmdRun.func1\n\t/home/ren/Repos/carbon/cmd/root.go:143\nruntime.goexit\n\t/usr/lib/golang/src/runtime/asm_amd64.s:1700"
time=2025-09-21T14:36:52.164-05:00 level=INFO msg="refreshing resources cache from remote API..."
time=2025-09-21T14:36:52.164-05:00 level=DEBUG msg="request to external HTTP endpoint" method=GET endpoint="http://localhost:8080/resources?page=1" headers="map[Accept:[*/*] Accept-Encoding:[gzip, deflate, br] Content-Type:[application/x-www-form-urlencoded] User-Agent:[carbon/vdevelop] Xf-Api-Key:[(redacted)]]"
time=2025-09-21T14:36:52.195-05:00 level=ERROR msg="failed to refresh resource cache" error="readObjectStart: expect { or n, but found <, error found in #1 byte of ...|<!DOCTYPE h|..., bigger context ...|<!DOCTYPE html>\n<html id=\"XF\" lang=\"en-US\" dir=\"LTR|...\nremote: could not unmarshal response\ncarbon/remote.(*Response).BindJSON\n\t/home/ren/Repos/carbon/remote/http.go:228\ncarbon/remote.(*client).getResourcesPaged\n\t/home/ren/Repos/carbon/remote/resources.go:211\ncarbon/remote.(*client).GetResources\n\t/home/ren/Repos/carbon/remote/resources.go:31\ncarbon/internal/resource.(*Manager).AsyncRefreshCache\n\t/home/ren/Repos/carbon/internal/resource/manager.go:66\ncarbon/cmd.rootCmdRun.func1\n\t/home/ren/Repos/carbon/cmd/root.go:143\nruntime.goexit\n\t/usr/lib/golang/src/runtime/asm_amd64.s:1700"
time=2025-09-21T14:37:52.195-05:00 level=INFO msg="refreshing resources cache from remote API..."
time=2025-09-21T14:37:52.195-05:00 level=DEBUG msg="request to external HTTP endpoint" method=GET endpoint="http://localhost:8080/resources?page=1" headers="map[Accept:[*/*] Accept-Encoding:[gzip, deflate, br] Content-Type:[application/x-www-form-urlencoded] User-Agent:[carbon/vdevelop] Xf-Api-Key:[(redacted)]]"
time=2025-09-21T14:37:52.225-05:00 level=ERROR msg="failed to refresh resource cache" error="readObjectStart: expect { or n, but found <, error found in #1 byte of ...|<!DOCTYPE h|..., bigger context ...|<!DOCTYPE html>\n<html id=\"XF\" lang=\"en-US\" dir=\"LTR|...\nremote: could not unmarshal response\ncarbon/remote.(*Response).BindJSON\n\t/home/ren/Repos/carbon/remote/http.go:228\ncarbon/remote.(*client).getResourcesPaged\n\t/home/ren/Repos/carbon/remote/resources.go:211\ncarbon/remote.(*client).GetResources\n\t/home/ren/Repos/carbon/remote/resources.go:31\ncarbon/internal/resource.(*Manager).AsyncRefreshCache\n\t/home/ren/Repos/carbon/internal/resource/manager.go:66\ncarbon/cmd.rootCmdRun.func1\n\t/home/ren/Repos/carbon/cmd/root.go:143\nruntime.goexit\n\t/usr/lib/golang/src/runtime/asm_amd64.s:1700"
time=2025-09-21T14:38:52.259-05:00 level=INFO msg="refreshing resources cache from remote API..."
time=2025-09-21T14:38:52.259-05:00 level=DEBUG msg="request to external HTTP endpoint" method=GET endpoint="http://localhost:8080/resources?page=1" headers="map[Accept:[*/*] Accept-Encoding:[gzip, deflate, br] Content-Type:[application/x-www-form-urlencoded] User-Agent:[carbon/vdevelop] Xf-Api-Key:[(redacted)]]"
time=2025-09-21T14:38:52.287-05:00 level=ERROR msg="failed to refresh resource cache" error="readObjectStart: expect { or n, but found <, error found in #1 byte of ...|<!DOCTYPE h|..., bigger context ...|<!DOCTYPE html>\n<html id=\"XF\" lang=\"en-US\" dir=\"LTR|...\nremote: could not unmarshal response\ncarbon/remote.(*Response).BindJSON\n\t/home/ren/Repos/carbon/remote/http.go:228\ncarbon/remote.(*client).getResourcesPaged\n\t/home/ren/Repos/carbon/remote/resources.go:211\ncarbon/remote.(*client).GetResources\n\t/home/ren/Repos/carbon/remote/resources.go:31\ncarbon/internal/resource.(*Manager).AsyncRefreshCache\n\t/home/ren/Repos/carbon/internal/resource/manager.go:66\ncarbon/cmd.rootCmdRun.func1\n\t/home/ren/Repos/carbon/cmd/root.go:143\nruntime.goexit\n\t/usr/lib/golang/src/runtime/asm_amd64.s:1700"
time=2025-09-21T14:39:52.287-05:00 level=INFO msg="refreshing resources cache from remote API..."
time=2025-09-21T14:39:52.287-05:00 level=DEBUG msg="request to external HTTP endpoint" method=GET endpoint="http://localhost:8080/resources?page=1" headers="map[Accept:[*/*] Accept-Encoding:[gzip, deflate, br] Content-Type:[application/x-www-form-urlencoded] User-Agent:[carbon/vdevelop] Xf-Api-Key:[(redacted)]]"
time=2025-09-21T14:39:52.313-05:00 level=ERROR msg="failed to refresh resource cache" error="readObjectStart: expect { or n, but found <, error found in #1 byte of ...|<!DOCTYPE h|..., bigger context ...|<!DOCTYPE html>\n<html id=\"XF\" lang=\"en-US\" dir=\"LTR|...\nremote: could not unmarshal response\ncarbon/remote.(*Response).BindJSON\n\t/home/ren/Repos/carbon/remote/http.go:228\ncarbon/remote.(*client).getResourcesPaged\n\t/home/ren/Repos/carbon/remote/resources.go:211\ncarbon/remote.(*client).GetResources\n\t/home/ren/Repos/carbon/remote/resources.go:31\ncarbon/internal/resource.(*Manager).AsyncRefreshCache\n\t/home/ren/Repos/carbon/internal/resource/manager.go:66\ncarbon/cmd.rootCmdRun.func1\n\t/home/ren/Repos/carbon/cmd/root.go:143\nruntime.goexit\n\t/usr/lib/golang/src/runtime/asm_amd64.s:1700"
time=2025-09-21T14:40:52.358-05:00 level=INFO msg="refreshing resources cache from remote API..."
time=2025-09-21T14:40:52.358-05:00 level=DEBUG msg="request to external HTTP endpoint" method=GET endpoint="http://localhost:8080/resources?page=1" headers="map[Accept:[*/*] Accept-Encoding:[gzip, deflate, br] Content-Type:[application/x-www-form-urlencoded] User-Agent:[carbon/vdevelop] Xf-Api-Key:[(redacted)]]"
time=2025-09-21T14:40:52.396-05:00 level=ERROR msg="failed to refresh resource cache" error="readObjectStart: expect { or n, but found <, error found in #1 byte of ...|<!DOCTYPE h|..., bigger context ...|<!DOCTYPE html>\n<html id=\"XF\" lang=\"en-US\" dir=\"LTR|...\nremote: could not unmarshal response\ncarbon/remote.(*Response).BindJSON\n\t/home/ren/Repos/carbon/remote/http.go:228\ncarbon/remote.(*client).getResourcesPaged\n\t/home/ren/Repos/carbon/remote/resources.go:211\ncarbon/remote.(*client).GetResources\n\t/home/ren/Repos/carbon/remote/resources.go:31\ncarbon/internal/resource.(*Manager).AsyncRefreshCache\n\t/home/ren/Repos/carbon/internal/resource/manager.go:66\ncarbon/cmd.rootCmdRun.func1\n\t/home/ren/Repos/carbon/cmd/root.go:143\nruntime.goexit\n\t/usr/lib/golang/src/runtime/asm_amd64.s:1700"
time=2025-09-21T14:41:52.396-05:00 level=INFO msg="refreshing resources cache from remote API..."
time=2025-09-21T14:41:52.396-05:00 level=DEBUG msg="request to external HTTP endpoint" method=GET endpoint="http://localhost:8080/resources?page=1" headers="map[Accept:[*/*] Accept-Encoding:[gzip, deflate, br] Content-Type:[application/x-www-form-urlencoded] User-Agent:[carbon/vdevelop] Xf-Api-Key:[(redacted)]]"
time=2025-09-21T14:41:52.424-05:00 level=ERROR msg="failed to refresh resource cache" error="readObjectStart: expect { or n, but found <, error found in #1 byte of ...|<!DOCTYPE h|..., bigger context ...|<!DOCTYPE html>\n<html id=\"XF\" lang=\"en-US\" dir=\"LTR|...\nremote: could not unmarshal response\ncarbon/remote.(*Response).BindJSON\n\t/home/ren/Repos/carbon/remote/http.go:228\ncarbon/remote.(*client).getResourcesPaged\n\t/home/ren/Repos/carbon/remote/resources.go:211\ncarbon/remote.(*client).GetResources\n\t/home/ren/Repos/carbon/remote/resources.go:31\ncarbon/internal/resource.(*Manager).AsyncRefreshCache\n\t/home/ren/Repos/carbon/internal/resource/manager.go:66\ncarbon/cmd.rootCmdRun.func1\n\t/home/ren/Repos/carbon/cmd/root.go:143\nruntime.goexit\n\t/usr/lib/golang/src/runtime/asm_amd64.s:1700"
time=2025-09-21T14:42:52.438-05:00 level=INFO msg="refreshing resources cache from remote API..."
time=2025-09-21T14:42:52.438-05:00 level=DEBUG msg="request to external HTTP endpoint" method=GET endpoint="http://localhost:8080/resources?page=1" headers="map[Accept:[*/*] Accept-Encoding:[gzip, deflate, br] Content-Type:[application/x-www-form-urlencoded] User-Agent:[carbon/vdevelop] Xf-Api-Key:[(redacted)]]"
time=2025-09-21T14:42:52.467-05:00 level=ERROR msg="failed to refresh resource cache" error="readObjectStart: expect { or n, but found <, error found in #1 byte of ...|<!DOCTYPE h|..., bigger context ...|<!DOCTYPE html>\n<html id=\"XF\" lang=\"en-US\" dir=\"LTR|...\nremote: could not unmarshal response\ncarbon/remote.(*Response).BindJSON\n\t/home/ren/Repos/carbon/remote/http.go:228\ncarbon/remote.(*client).getResourcesPaged\n\t/home/ren/Repos/carbon/remote/resources.go:211\ncarbon/remote.(*client).GetResources\n\t/home/ren/Repos/carbon/remote/resources.go:31\ncarbon/internal/resource.(*Manager).AsyncRefreshCache\n\t/home/ren/Repos/carbon/internal/resource/manager.go:66\ncarbon/cmd.rootCmdRun.func1\n\t/home/ren/Repos/carbon/cmd/root.go:143\nruntime.goexit\n\t/usr/lib/golang/src/runtime/asm_amd64.s:1700"
time=2025-09-21T14:43:52.468-05:00 level=INFO msg="refreshing resources cache from remote API..."
time=2025-09-21T14:43:52.468-05:00 level=DEBUG msg="request to external HTTP endpoint" method=GET endpoint="http://localhost:8080/resources?page=1" headers="map[Accept:[*/*] Accept-Encoding:[gzip, deflate, br] Content-Type:[application/x-www-form-urlencoded] User-Agent:[carbon/vdevelop] Xf-Api-Key:[(redacted)]]"
time=2025-09-21T14:43:52.507-05:00 level=ERROR msg="failed to refresh resource cache" error="readObjectStart: expect { or n, but found <, error found in #1 byte of ...|<!DOCTYPE h|..., bigger context ...|<!DOCTYPE html>\n<html id=\"XF\" lang=\"en-US\" dir=\"LTR|...\nremote: could not unmarshal response\ncarbon/remote.(*Response).BindJSON\n\t/home/ren/Repos/carbon/remote/http.go:228\ncarbon/remote.(*client).getResourcesPaged\n\t/home/ren/Repos/carbon/remote/resources.go:211\ncarbon/remote.(*client).GetResources\n\t/home/ren/Repos/carbon/remote/resources.go:31\ncarbon/internal/resource.(*Manager).AsyncRefreshCache\n\t/home/ren/Repos/carbon/internal/resource/manager.go:66\ncarbon/cmd.rootCmdRun.func1\n\t/home/ren/Repos/carbon/cmd/root.go:143\nruntime.goexit\n\t/usr/lib/golang/src/runtime/asm_amd64.s:1700"
time=2025-09-21T14:44:52.551-05:00 level=INFO msg="refreshing resources cache from remote API..."
time=2025-09-21T14:44:52.551-05:00 level=DEBUG msg="request to external HTTP endpoint" method=GET endpoint="http://localhost:8080/resources?page=1" headers="map[Accept:[*/*] Accept-Encoding:[gzip, deflate, br] Content-Type:[application/x-www-form-urlencoded] User-Agent:[carbon/vdevelop] Xf-Api-Key:[(redacted)]]"
time=2025-09-21T14:44:52.581-05:00 level=ERROR msg="failed to refresh resource cache" error="readObjectStart: expect { or n, but found <, error found in #1 byte of ...|<!DOCTYPE h|..., bigger context ...|<!DOCTYPE html>\n<html id=\"XF\" lang=\"en-US\" dir=\"LTR|...\nremote: could not unmarshal response\ncarbon/remote.(*Response).BindJSON\n\t/home/ren/Repos/carbon/remote/http.go:228\ncarbon/remote.(*client).getResourcesPaged\n\t/home/ren/Repos/carbon/remote/resources.go:211\ncarbon/remote.(*client).GetResources\n\t/home/ren/Repos/carbon/remote/resources.go:31\ncarbon/internal/resource.(*Manager).AsyncRefreshCache\n\t/home/ren/Repos/carbon/internal/resource/manager.go:66\ncarbon/cmd.rootCmdRun.func1\n\t/home/ren/Repos/carbon/cmd/root.go:143\nruntime.goexit\n\t/usr/lib/golang/src/runtime/asm_amd64.s:1700"
time=2025-09-21T14:45:52.581-05:00 level=INFO msg="refreshing resources cache from remote API..."
time=2025-09-21T14:45:52.581-05:00 level=DEBUG msg="request to external HTTP endpoint" method=GET endpoint="http://localhost:8080/resources?page=1" headers="map[Accept:[*/*] Accept-Encoding:[gzip, deflate, br] Content-Type:[application/x-www-form-urlencoded] User-Agent:[carbon/vdevelop] Xf-Api-Key:[(redacted)]]"
time=2025-09-21T14:45:52.619-05:00 level=ERROR msg="failed to refresh resource cache" error="readObjectStart: expect { or n, but found <, error found in #1 byte of ...|<!DOCTYPE h|..., bigger context ...|<!DOCTYPE html>\n<html id=\"XF\" lang=\"en-US\" dir=\"LTR|...\nremote: could not unmarshal response\ncarbon/remote.(*Response).BindJSON\n\t/home/ren/Repos/carbon/remote/http.go:228\ncarbon/remote.(*client).getResourcesPaged\n\t/home/ren/Repos/carbon/remote/resources.go:211\ncarbon/remote.(*client).GetResources\n\t/home/ren/Repos/carbon/remote/resources.go:31\ncarbon/internal/resource.(*Manager).AsyncRefreshCache\n\t/home/ren/Repos/carbon/internal/resource/manager.go:66\ncarbon/cmd.rootCmdRun.func1\n\t/home/ren/Repos/carbon/cmd/root.go:143\nruntime.goexit\n\t/usr/lib/golang/src/runtime/asm_amd64.s:1700"
time=2025-09-21T14:46:52.663-05:00 level=INFO msg="refreshing resources cache from remote API..."
time=2025-09-21T14:46:52.663-05:00 level=DEBUG msg="request to external HTTP endpoint" method=GET endpoint="http://localhost:8080/resources?page=1" headers="map[Accept:[*/*] Accept-Encoding:[gzip, deflate, br] Content-Type:[application/x-www-form-urlencoded] User-Agent:[carbon/vdevelop] Xf-Api-Key:[(redacted)]]"
time=2025-09-21T14:46:52.694-05:00 level=ERROR msg="failed to refresh resource cache" error="readObjectStart: expect { or n, but found <, error found in #1 byte of ...|<!DOCTYPE h|..., bigger context ...|<!DOCTYPE html>\n<html id=\"XF\" lang=\"en-US\" dir=\"LTR|...\nremote: could not unmarshal response\ncarbon/remote.(*Response).BindJSON\n\t/home/ren/Repos/carbon/remote/http.go:228\ncarbon/remote.(*client).getResourcesPaged\n\t/home/ren/Repos/carbon/remote/resources.go:211\ncarbon/remote.(*client).GetResources\n\t/home/ren/Repos/carbon/remote/resources.go:31\ncarbon/internal/resource.(*Manager).AsyncRefreshCache\n\t/home/ren/Repos/carbon/internal/resource/manager.go:66\ncarbon/cmd.rootCmdRun.func1\n\t/home/ren/Repos/carbon/cmd/root.go:143\nruntime.goexit\n\t/usr/lib/golang/src/runtime/asm_amd64.s:1700"
time=2025-09-21T14:47:52.694-05:00 level=INFO msg="refreshing resources cache from remote API..."
time=2025-09-21T14:47:52.694-05:00 level=DEBUG msg="request to external HTTP endpoint" method=GET endpoint="http://localhost:8080/resources?page=1" headers="map[Accept:[*/*] Accept-Encoding:[gzip, deflate, br] Content-Type:[application/x-www-form-urlencoded] User-Agent:[carbon/vdevelop] Xf-Api-Key:[(redacted)]]"
time=2025-09-21T14:47:52.722-05:00 level=ERROR msg="failed to refresh resource cache" error="readObjectStart: expect { or n, but found <, error found in #1 byte of ...|<!DOCTYPE h|..., bigger context ...|<!DOCTYPE html>\n<html id=\"XF\" lang=\"en-US\" dir=\"LTR|...\nremote: could not unmarshal response\ncarbon/remote.(*Response).BindJSON\n\t/home/ren/Repos/carbon/remote/http.go:228\ncarbon/remote.(*client).getResourcesPaged\n\t/home/ren/Repos/carbon/remote/resources.go:211\ncarbon/remote.(*client).GetResources\n\t/home/ren/Repos/carbon/remote/resources.go:31\ncarbon/internal/resource.(*Manager).AsyncRefreshCache\n\t/home/ren/Repos/carbon/internal/resource/manager.go:66\ncarbon/cmd.rootCmdRun.func1\n\t/home/ren/Repos/carbon/cmd/root.go:143\nruntime.goexit\n\t/usr/lib/golang/src/runtime/asm_amd64.s:1700"
time=2025-09-21T14:48:52.767-05:00 level=INFO msg="refreshing resources cache from remote API..."
time=2025-09-21T14:48:52.767-05:00 level=DEBUG msg="request to external HTTP endpoint" method=GET endpoint="http://localhost:8080/resources?page=1" headers="map[Accept:[*/*] Accept-Encoding:[gzip, deflate, br] Content-Type:[application/x-www-form-urlencoded] User-Agent:[carbon/vdevelop] Xf-Api-Key:[(redacted)]]"
time=2025-09-21T14:48:52.804-05:00 level=ERROR msg="failed to refresh resource cache" error="readObjectStart: expect { or n, but found <, error found in #1 byte of ...|<!DOCTYPE h|..., bigger context ...|<!DOCTYPE html>\n<html id=\"XF\" lang=\"en-US\" dir=\"LTR|...\nremote: could not unmarshal response\ncarbon/remote.(*Response).BindJSON\n\t/home/ren/Repos/carbon/remote/http.go:228\ncarbon/remote.(*client).getResourcesPaged\n\t/home/ren/Repos/carbon/remote/resources.go:211\ncarbon/remote.(*client).GetResources\n\t/home/ren/Repos/carbon/remote/resources.go:31\ncarbon/internal/resource.(*Manager).AsyncRefreshCache\n\t/home/ren/Repos/carbon/internal/resource/manager.go:66\ncarbon/cmd.rootCmdRun.func1\n\t/home/ren/Repos/carbon/cmd/root.go:143\nruntime.goexit\n\t/usr/lib/golang/src/runtime/asm_amd64.s:1700"
time=2025-09-21T14:49:52.804-05:00 level=INFO msg="refreshing resources cache from remote API..."
time=2025-09-21T14:49:52.804-05:00 level=DEBUG msg="request to external HTTP endpoint" method=GET endpoint="http://localhost:8080/resources?page=1" headers="map[Accept:[*/*] Accept-Encoding:[gzip, deflate, br] Content-Type:[application/x-www-form-urlencoded] User-Agent:[carbon/vdevelop] Xf-Api-Key:[(redacted)]]"
time=2025-09-21T14:49:52.849-05:00 level=ERROR msg="failed to refresh resource cache" error="readObjectStart: expect { or n, but found <, error found in #1 byte of ...|<!DOCTYPE h|..., bigger context ...|<!DOCTYPE html>\n<html id=\"XF\" lang=\"en-US\" dir=\"LTR|...\nremote: could not unmarshal response\ncarbon/remote.(*Response).BindJSON\n\t/home/ren/Repos/carbon/remote/http.go:228\ncarbon/remote.(*client).getResourcesPaged\n\t/home/ren/Repos/carbon/remote/resources.go:211\ncarbon/remote.(*client).GetResources\n\t/home/ren/Repos/carbon/remote/resources.go:31\ncarbon/internal/resource.(*Manager).AsyncRefreshCache\n\t/home/ren/Repos/carbon/internal/resource/manager.go:66\ncarbon/cmd.rootCmdRun.func1\n\t/home/ren/Repos/carbon/cmd/root.go:143\nruntime.goexit\n\t/usr/lib/golang/src/runtime/asm_amd64.s:1700"
time=2025-09-21T14:50:52.889-05:00 level=INFO msg="refreshing resources cache from remote API..."
time=2025-09-21T14:50:52.889-05:00 level=DEBUG msg="request to external HTTP endpoint" method=GET endpoint="http://localhost:8080/resources?page=1" headers="map[Accept:[*/*] Accept-Encoding:[gzip, deflate, br] Content-Type:[application/x-www-form-urlencoded] User-Agent:[carbon/vdevelop] Xf-Api-Key:[(redacted)]]"
time=2025-09-21T14:50:52.930-05:00 level=ERROR msg="failed to refresh resource cache" error="readObjectStart: expect { or n, but found <, error found in #1 byte of ...|<!DOCTYPE h|..., bigger context ...|<!DOCTYPE html>\n<html id=\"XF\" lang=\"en-US\" dir=\"LTR|...\nremote: could not unmarshal response\ncarbon/remote.(*Response).BindJSON\n\t/home/ren/Repos/carbon/remote/http.go:228\ncarbon/remote.(*client).getResourcesPaged\n\t/home/ren/Repos/carbon/remote/resources.go:211\ncarbon/remote.(*client).GetResources\n\t/home/ren/Repos/carbon/remote/resources.go:31\ncarbon/internal/resource.(*Manager).AsyncRefreshCache\n\t/home/ren/Repos/carbon/internal/resource/manager.go:66\ncarbon/cmd.rootCmdRun.func1\n\t/home/ren/Repos/carbon/cmd/root.go:143\nruntime.goexit\n\t/usr/lib/golang/src/runtime/asm_amd64.s:1700"
time=2025-09-21T14:51:52.930-05:00 level=INFO msg="refreshing resources cache from remote API..."
time=2025-09-21T14:51:52.930-05:00 level=DEBUG msg="request to external HTTP endpoint" method=GET endpoint="http://localhost:8080/resources?page=1" headers="map[Accept:[*/*] Accept-Encoding:[gzip, deflate, br] Content-Type:[application/x-www-form-urlencoded] User-Agent:[carbon/vdevelop] Xf-Api-Key:[(redacted)]]"
time=2025-09-21T14:51:52.958-05:00 level=ERROR msg="failed to refresh resource cache" error="readObjectStart: expect { or n, but found <, error found in #1 byte of ...|<!DOCTYPE h|..., bigger context ...|<!DOCTYPE html>\n<html id=\"XF\" lang=\"en-US\" dir=\"LTR|...\nremote: could not unmarshal response\ncarbon/remote.(*Response).BindJSON\n\t/home/ren/Repos/carbon/remote/http.go:228\ncarbon/remote.(*client).getResourcesPaged\n\t/home/ren/Repos/carbon/remote/resources.go:211\ncarbon/remote.(*client).GetResources\n\t/home/ren/Repos/carbon/remote/resources.go:31\ncarbon/internal/resource.(*Manager).AsyncRefreshCache\n\t/home/ren/Repos/carbon/internal/resource/manager.go:66\ncarbon/cmd.rootCmdRun.func1\n\t/home/ren/Repos/carbon/cmd/root.go:143\nruntime.goexit\n\t/usr/lib/golang/src/runtime/asm_amd64.s:1700"
time=2025-09-21T14:52:10.338-05:00 level=WARN msg="shutting down..."
time=2025-09-21T14:52:11.720-05:00 level=DEBUG msg="running in debug mode"
time=2025-09-21T14:52:11.721-05:00 level=INFO msg="fetching resources from remote API..."
time=2025-09-21T14:52:11.721-05:00 level=DEBUG msg="request to external HTTP endpoint" method=GET endpoint="http://localhost:8080/resources?page=1" headers="map[Accept:[*/*] Accept-Encoding:[gzip, deflate, br] Content-Type:[application/x-www-form-urlencoded] User-Agent:[carbon/vdevelop] Xf-Api-Key:[(redacted)]]"
time=2025-09-21T14:52:11.760-05:00 level=ERROR msg="could not initialize resource manager" error="readObjectStart: expect { or n, but found <, error found in #1 byte of ...|<!DOCTYPE h|..., bigger context ...|<!DOCTYPE html>\n<html id=\"XF\" lang=\"en-US\" dir=\"LTR|...\nremote: could not unmarshal response\ncarbon/remote.(*Response).BindJSON\n\t/home/ren/Repos/carbon/remote/http.go:228\ncarbon/remote.(*client).getResourcesPaged\n\t/home/ren/Repos/carbon/remote/resources.go:211\ncarbon/remote.(*client).GetResources\n\t/home/ren/Repos/carbon/remote/resources.go:31\ncarbon/internal/resource.(*Manager).init\n\t/home/ren/Repos/carbon/internal/resource/manager.go:51\ncarbon/internal/resource.NewManager\n\t/home/ren/Repos/carbon/internal/resource/manager.go:45\ncarbon/cmd.rootCmdRun\n\t/home/ren/Repos/carbon/cmd/root.go:97\ngithub.com/spf13/cobra.(*Command).execute\n\t/home/ren/go/pkg/mod/github.com/spf13/cobra@v1.8.1/command.go:989\ngithub.com/spf13/cobra.(*Command).ExecuteC\n\t/home/ren/go/pkg/mod/github.com/spf13/cobra@v1.8.1/command.go:1117\ngithub.com/spf13/cobra.(*Command).Execute\n\t/home/ren/go/pkg/mod/github.com/spf13/cobra@v1.8.1/command.go:1041\ncarbon/cmd.Execute\n\t/home/ren/Repos/carbon/cmd/root.go:71\nmain.main\n\t/home/ren/Repos/carbon/carbon.go:68\nruntime.main\n\t/usr/lib/golang/src/runtime/proc.go:283\nruntime.goexit\n\t/usr/lib/golang/src/runtime/asm_amd64.s:1700"
time=2025-09-21T14:52:11.760-05:00 level=INFO msg="initializing server schema into the database..."
time=2025-09-21T14:52:11.765-05:00 level=INFO msg="initializing token schema into the database..."
time=2025-09-21T14:52:11.768-05:00 level=INFO msg="initializing api key schema into the database..."
time=2025-09-21T14:52:11.769-05:00 level=INFO msg="initializing client schema into the database..."
time=2025-09-21T14:54:21.529-05:00 level=DEBUG msg="running in debug mode"
time=2025-09-21T14:54:21.530-05:00 level=INFO msg="fetching resources from remote API..."
time=2025-09-21T14:54:21.530-05:00 level=DEBUG msg="request to external HTTP endpoint" method=GET endpoint="http://localhost:8080/resources?page=1" headers="map[Accept:[*/*] Accept-Encoding:[gzip, deflate, br] Content-Type:[application/x-www-form-urlencoded] User-Agent:[carbon/vdevelop] Xf-Api-Key:[(redacted)]]"
time=2025-09-21T14:54:21.569-05:00 level=ERROR msg="could not initialize resource manager" error="readObjectStart: expect { or n, but found <, error found in #1 byte of ...|<!DOCTYPE h|..., bigger context ...|<!DOCTYPE html>\n<html id=\"XF\" lang=\"en-US\" dir=\"LTR|...\nremote: could not unmarshal response\ncarbon/remote.(*Response).BindJSON\n\t/home/ren/Repos/carbon/remote/http.go:228\ncarbon/remote.(*client).getResourcesPaged\n\t/home/ren/Repos/carbon/remote/resources.go:211\ncarbon/remote.(*client).GetResources\n\t/home/ren/Repos/carbon/remote/resources.go:31\ncarbon/internal/resource.(*Manager).init\n\t/home/ren/Repos/carbon/internal/resource/manager.go:51\ncarbon/internal/resource.NewManager\n\t/home/ren/Repos/carbon/internal/resource/manager.go:45\ncarbon/cmd.rootCmdRun\n\t/home/ren/Repos/carbon/cmd/root.go:97\ngithub.com/spf13/cobra.(*Command).execute\n\t/home/ren/go/pkg/mod/github.com/spf13/cobra@v1.8.1/command.go:989\ngithub.com/spf13/cobra.(*Command).ExecuteC\n\t/home/ren/go/pkg/mod/github.com/spf13/cobra@v1.8.1/command.go:1117\ngithub.com/spf13/cobra.(*Command).Execute\n\t/home/ren/go/pkg/mod/github.com/spf13/cobra@v1.8.1/command.go:1041\ncarbon/cmd.Execute\n\t/home/ren/Repos/carbon/cmd/root.go:71\nmain.main\n\t/home/ren/Repos/carbon/carbon.go:68\nruntime.main\n\t/usr/lib/golang/src/runtime/proc.go:283\nruntime.goexit\n\t/usr/lib/golang/src/runtime/asm_amd64.s:1700"
time=2025-09-21T14:54:21.569-05:00 level=INFO msg="initializing server schema into the database..."
time=2025-09-21T14:54:21.573-05:00 level=INFO msg="initializing token schema into the database..."
time=2025-09-21T14:54:21.577-05:00 level=INFO msg="initializing api key schema into the database..."
time=2025-09-21T14:54:21.578-05:00 level=INFO msg="initializing client schema into the database..."
time=2025-09-21T14:54:21.619-05:00 level=INFO msg="starting webserver" use_ssl=false use_auto_tls=false host_address=0.0.0.0 host_port=8081
time=2025-09-21T14:54:21.619-05:00 level=INFO msg="web server started"
time=2025-09-21T14:55:21.678-05:00 level=INFO msg="refreshing resources cache from remote API..."
time=2025-09-21T14:55:21.678-05:00 level=DEBUG msg="request to external HTTP endpoint" method=GET endpoint="http://localhost:8080/resources?page=1" headers="map[Accept:[*/*] Accept-Encoding:[gzip, deflate, br] Content-Type:[application/x-www-form-urlencoded] User-Agent:[carbon/vdevelop] Xf-Api-Key:[(redacted)]]"
time=2025-09-21T14:55:21.707-05:00 level=ERROR msg="failed to refresh resource cache" error="readObjectStart: expect { or n, but found <, error found in #1 byte of ...|<!DOCTYPE h|..., bigger context ...|<!DOCTYPE html>\n<html id=\"XF\" lang=\"en-US\" dir=\"LTR|...\nremote: could not unmarshal response\ncarbon/remote.(*Response).BindJSON\n\t/home/ren/Repos/carbon/remote/http.go:228\ncarbon/remote.(*client).getResourcesPaged\n\t/home/ren/Repos/carbon/remote/resources.go:211\ncarbon/remote.(*client).GetResources\n\t/home/ren/Repos/carbon/remote/resources.go:31\ncarbon/internal/resource.(*Manager).AsyncRefreshCache\n\t/home/ren/Repos/carbon/internal/resource/manager.go:66\ncarbon/cmd.rootCmdRun.func1\n\t/home/ren/Repos/carbon/cmd/root.go:143\nruntime.goexit\n\t/usr/lib/golang/src/runtime/asm_amd64.s:1700"
time=2025-09-21T14:56:21.708-05:00 level=INFO msg="refreshing resources cache from remote API..."
time=2025-09-21T14:56:21.708-05:00 level=DEBUG msg="request to external HTTP endpoint" method=GET endpoint="http://localhost:8080/resources?page=1" headers="map[Accept:[*/*] Accept-Encoding:[gzip, deflate, br] Content-Type:[application/x-www-form-urlencoded] User-Agent:[carbon/vdevelop] Xf-Api-Key:[(redacted)]]"
time=2025-09-21T14:56:21.746-05:00 level=ERROR msg="failed to refresh resource cache" error="readObjectStart: expect { or n, but found <, error found in #1 byte of ...|<!DOCTYPE h|..., bigger context ...|<!DOCTYPE html>\n<html id=\"XF\" lang=\"en-US\" dir=\"LTR|...\nremote: could not unmarshal response\ncarbon/remote.(*Response).BindJSON\n\t/home/ren/Repos/carbon/remote/http.go:228\ncarbon/remote.(*client).getResourcesPaged\n\t/home/ren/Repos/carbon/remote/resources.go:211\ncarbon/remote.(*client).GetResources\n\t/home/ren/Repos/carbon/remote/resources.go:31\ncarbon/internal/resource.(*Manager).AsyncRefreshCache\n\t/home/ren/Repos/carbon/internal/resource/manager.go:66\ncarbon/cmd.rootCmdRun.func1\n\t/home/ren/Repos/carbon/cmd/root.go:143\nruntime.goexit\n\t/usr/lib/golang/src/runtime/asm_amd64.s:1700"
time=2025-09-21T14:57:21.746-05:00 level=INFO msg="refreshing resources cache from remote API..."
time=2025-09-21T14:57:21.746-05:00 level=DEBUG msg="request to external HTTP endpoint" method=GET endpoint="http://localhost:8080/resources?page=1" headers="map[Accept:[*/*] Accept-Encoding:[gzip, deflate, br] Content-Type:[application/x-www-form-urlencoded] User-Agent:[carbon/vdevelop] Xf-Api-Key:[(redacted)]]"
time=2025-09-21T14:57:21.786-05:00 level=ERROR msg="failed to refresh resource cache" error="readObjectStart: expect { or n, but found <, error found in #1 byte of ...|<!DOCTYPE h|..., bigger context ...|<!DOCTYPE html>\n<html id=\"XF\" lang=\"en-US\" dir=\"LTR|...\nremote: could not unmarshal response\ncarbon/remote.(*Response).BindJSON\n\t/home/ren/Repos/carbon/remote/http.go:228\ncarbon/remote.(*client).getResourcesPaged\n\t/home/ren/Repos/carbon/remote/resources.go:211\ncarbon/remote.(*client).GetResources\n\t/home/ren/Repos/carbon/remote/resources.go:31\ncarbon/internal/resource.(*Manager).AsyncRefreshCache\n\t/home/ren/Repos/carbon/internal/resource/manager.go:66\ncarbon/cmd.rootCmdRun.func1\n\t/home/ren/Repos/carbon/cmd/root.go:143\nruntime.goexit\n\t/usr/lib/golang/src/runtime/asm_amd64.s:1700"
time=2025-09-21T14:58:04.053-05:00 level=INFO msg="incoming request" client_ip=::1 user_agent=PostmanRuntime/7.46.0 latency=101.332µs status_code=404 method=GET path=/servers/3
time=2025-09-21T14:58:11.719-05:00 level=INFO msg="incoming request" client_ip=::1 user_agent=PostmanRuntime/7.46.0 latency=59.291µs status_code=403 method=GET path=/api-keys/users/1
time=2025-09-21T14:58:15.809-05:00 level=INFO msg="incoming request" client_ip=::1 user_agent=PostmanRuntime/7.46.0 latency=81.832µs status_code=403 method=GET path=/api-keys/users/1
time=2025-09-21T14:58:21.786-05:00 level=INFO msg="refreshing resources cache from remote API..."
time=2025-09-21T14:58:21.786-05:00 level=DEBUG msg="request to external HTTP endpoint" method=GET endpoint="http://localhost:8080/resources?page=1" headers="map[Accept:[*/*] Accept-Encoding:[gzip, deflate, br] Content-Type:[application/x-www-form-urlencoded] User-Agent:[carbon/vdevelop] Xf-Api-Key:[(redacted)]]"
time=2025-09-21T14:58:21.825-05:00 level=ERROR msg="failed to refresh resource cache" error="readObjectStart: expect { or n, but found <, error found in #1 byte of ...|<!DOCTYPE h|..., bigger context ...|<!DOCTYPE html>\n<html id=\"XF\" lang=\"en-US\" dir=\"LTR|...\nremote: could not unmarshal response\ncarbon/remote.(*Response).BindJSON\n\t/home/ren/Repos/carbon/remote/http.go:228\ncarbon/remote.(*client).getResourcesPaged\n\t/home/ren/Repos/carbon/remote/resources.go:211\ncarbon/remote.(*client).GetResources\n\t/home/ren/Repos/carbon/remote/resources.go:31\ncarbon/internal/resource.(*Manager).AsyncRefreshCache\n\t/home/ren/Repos/carbon/internal/resource/manager.go:66\ncarbon/cmd.rootCmdRun.func1\n\t/home/ren/Repos/carbon/cmd/root.go:143\nruntime.goexit\n\t/usr/lib/golang/src/runtime/asm_amd64.s:1700"
time=2025-09-21T14:58:26.078-05:00 level=INFO msg="incoming request" client_ip=::1 user_agent=PostmanRuntime/7.46.0 latency=16.41µs status_code=403 method=GET path=/api-keys/users/1
time=2025-09-21T14:58:48.439-05:00 level=INFO msg="incoming request" client_ip=::1 user_agent=PostmanRuntime/7.46.0 latency=17.88µs status_code=403 method=GET path=/api-keys/users/1
time=2025-09-21T14:58:55.380-05:00 level=INFO msg="incoming request" client_ip=::1 user_agent=PostmanRuntime/7.46.0 latency=16.3µs status_code=403 method=GET path=/api-keys/users/1
time=2025-09-21T14:58:57.812-05:00 level=INFO msg="incoming request" client_ip=::1 user_agent=PostmanRuntime/7.46.0 latency=16.131µs status_code=403 method=GET path=/api-keys/users/1
time=2025-09-21T14:59:12.984-05:00 level=INFO msg="incoming request" client_ip=::1 user_agent=PostmanRuntime/7.46.0 latency=616.302µs status_code=500 method=GET path=/api-keys/users/1
time=2025-09-21T14:59:21.833-05:00 level=INFO msg="refreshing resources cache from remote API..."
time=2025-09-21T14:59:21.833-05:00 level=DEBUG msg="request to external HTTP endpoint" method=GET endpoint="http://localhost:8080/resources?page=1" headers="map[Accept:[*/*] Accept-Encoding:[gzip, deflate, br] Content-Type:[application/x-www-form-urlencoded] User-Agent:[carbon/vdevelop] Xf-Api-Key:[(redacted)]]"
time=2025-09-21T14:59:21.859-05:00 level=ERROR msg="failed to refresh resource cache" error="readObjectStart: expect { or n, but found <, error found in #1 byte of ...|<!DOCTYPE h|..., bigger context ...|<!DOCTYPE html>\n<html id=\"XF\" lang=\"en-US\" dir=\"LTR|...\nremote: could not unmarshal response\ncarbon/remote.(*Response).BindJSON\n\t/home/ren/Repos/carbon/remote/http.go:228\ncarbon/remote.(*client).getResourcesPaged\n\t/home/ren/Repos/carbon/remote/resources.go:211\ncarbon/remote.(*client).GetResources\n\t/home/ren/Repos/carbon/remote/resources.go:31\ncarbon/internal/resource.(*Manager).AsyncRefreshCache\n\t/home/ren/Repos/carbon/internal/resource/manager.go:66\ncarbon/cmd.rootCmdRun.func1\n\t/home/ren/Repos/carbon/cmd/root.go:143\nruntime.goexit\n\t/usr/lib/golang/src/runtime/asm_amd64.s:1700"
time=2025-09-21T14:59:27.072-05:00 level=WARN msg="shutting down..."
time=2025-09-21T14:59:47.099-05:00 level=DEBUG msg="running in debug mode"
time=2025-09-21T14:59:47.100-05:00 level=INFO msg="fetching resources from remote API..."
time=2025-09-21T14:59:47.100-05:00 level=DEBUG msg="request to external HTTP endpoint" method=GET endpoint="http://localhost:8080/resources?page=1" headers="map[Accept:[*/*] Accept-Encoding:[gzip, deflate, br] Content-Type:[application/x-www-form-urlencoded] User-Agent:[carbon/vdevelop] Xf-Api-Key:[(redacted)]]"
time=2025-09-21T14:59:47.128-05:00 level=ERROR msg="could not initialize resource manager" error="readObjectStart: expect { or n, but found <, error found in #1 byte of ...|<!DOCTYPE h|..., bigger context ...|<!DOCTYPE html>\n<html id=\"XF\" lang=\"en-US\" dir=\"LTR|...\nremote: could not unmarshal response\ncarbon/remote.(*Response).BindJSON\n\t/home/ren/Repos/carbon/remote/http.go:228\ncarbon/remote.(*client).getResourcesPaged\n\t/home/ren/Repos/carbon/remote/resources.go:211\ncarbon/remote.(*client).GetResources\n\t/home/ren/Repos/carbon/remote/resources.go:31\ncarbon/internal/resource.(*Manager).init\n\t/home/ren/Repos/carbon/internal/resource/manager.go:51\ncarbon/internal/resource.NewManager\n\t/home/ren/Repos/carbon/internal/resource/manager.go:45\ncarbon/cmd.rootCmdRun\n\t/home/ren/Repos/carbon/cmd/root.go:97\ngithub.com/spf13/cobra.(*Command).execute\n\t/home/ren/go/pkg/mod/github.com/spf13/cobra@v1.8.1/command.go:989\ngithub.com/spf13/cobra.(*Command).ExecuteC\n\t/home/ren/go/pkg/mod/github.com/spf13/cobra@v1.8.1/command.go:1117\ngithub.com/spf13/cobra.(*Command).Execute\n\t/home/ren/go/pkg/mod/github.com/spf13/cobra@v1.8.1/command.go:1041\ncarbon/cmd.Execute\n\t/home/ren/Repos/carbon/cmd/root.go:71\nmain.main\n\t/home/ren/Repos/carbon/carbon.go:68\nruntime.main\n\t/usr/lib/golang/src/runtime/proc.go:283\nruntime.goexit\n\t/usr/lib/golang/src/runtime/asm_amd64.s:1700"
time=2025-09-21T14:59:47.129-05:00 level=INFO msg="initializing server schema into the database..."
time=2025-09-21T14:59:47.133-05:00 level=INFO msg="initializing token schema into the database..."
time=2025-09-21T14:59:47.136-05:00 level=INFO msg="initializing api key schema into the database..."
time=2025-09-21T14:59:47.138-05:00 level=INFO msg="initializing client schema into the database..."
time=2025-09-21T14:59:47.188-05:00 level=INFO msg="starting webserver" use_ssl=false use_auto_tls=false host_address=0.0.0.0 host_port=8081
time=2025-09-21T14:59:47.188-05:00 level=INFO msg="web server started"
time=2025-09-21T14:59:51.398-05:00 level=INFO msg="incoming request" client_ip=::1 user_agent=PostmanRuntime/7.46.0 latency=749.245µs status_code=200 method=GET path=/api-keys/users/1
time=2025-09-21T15:00:47.212-05:00 level=INFO msg="refreshing resources cache from remote API..."
time=2025-09-21T15:00:47.212-05:00 level=DEBUG msg="request to external HTTP endpoint" method=GET endpoint="http://localhost:8080/resources?page=1" headers="map[Accept:[*/*] Accept-Encoding:[gzip, deflate, br] Content-Type:[application/x-www-form-urlencoded] User-Agent:[carbon/vdevelop] Xf-Api-Key:[(redacted)]]"
time=2025-09-21T15:00:47.249-05:00 level=ERROR msg="failed to refresh resource cache" error="readObjectStart: expect { or n, but found <, error found in #1 byte of ...|<!DOCTYPE h|..., bigger context ...|<!DOCTYPE html>\n<html id=\"XF\" lang=\"en-US\" dir=\"LTR|...\nremote: could not unmarshal response\ncarbon/remote.(*Response).BindJSON\n\t/home/ren/Repos/carbon/remote/http.go:228\ncarbon/remote.(*client).getResourcesPaged\n\t/home/ren/Repos/carbon/remote/resources.go:211\ncarbon/remote.(*client).GetResources\n\t/home/ren/Repos/carbon/remote/resources.go:31\ncarbon/internal/resource.(*Manager).AsyncRefreshCache\n\t/home/ren/Repos/carbon/internal/resource/manager.go:66\ncarbon/cmd.rootCmdRun.func1\n\t/home/ren/Repos/carbon/cmd/root.go:143\nruntime.goexit\n\t/usr/lib/golang/src/runtime/asm_amd64.s:1700"
time=2025-09-21T15:01:47.250-05:00 level=INFO msg="refreshing resources cache from remote API..."
time=2025-09-21T15:01:47.250-05:00 level=DEBUG msg="request to external HTTP endpoint" method=GET endpoint="http://localhost:8080/resources?page=1" headers="map[Accept:[*/*] Accept-Encoding:[gzip, deflate, br] Content-Type:[application/x-www-form-urlencoded] User-Agent:[carbon/vdevelop] Xf-Api-Key:[(redacted)]]"
time=2025-09-21T15:01:47.275-05:00 level=ERROR msg="failed to refresh resource cache" error="readObjectStart: expect { or n, but found <, error found in #1 byte of ...|<!DOCTYPE h|..., bigger context ...|<!DOCTYPE html>\n<html id=\"XF\" lang=\"en-US\" dir=\"LTR|...\nremote: could not unmarshal response\ncarbon/remote.(*Response).BindJSON\n\t/home/ren/Repos/carbon/remote/http.go:228\ncarbon/remote.(*client).getResourcesPaged\n\t/home/ren/Repos/carbon/remote/resources.go:211\ncarbon/remote.(*client).GetResources\n\t/home/ren/Repos/carbon/remote/resources.go:31\ncarbon/internal/resource.(*Manager).AsyncRefreshCache\n\t/home/ren/Repos/carbon/internal/resource/manager.go:66\ncarbon/cmd.rootCmdRun.func1\n\t/home/ren/Repos/carbon/cmd/root.go:143\nruntime.goexit\n\t/usr/lib/golang/src/runtime/asm_amd64.s:1700"
time=2025-09-21T15:02:45.919-05:00 level=WARN msg="shutting down..."
time=2025-09-21T21:17:18.967-05:00 level=DEBUG msg="running in debug mode"
time=2025-09-21T21:17:18.968-05:00 level=INFO msg="fetching resources from remote API..."
time=2025-09-21T21:17:18.968-05:00 level=DEBUG msg="request to external HTTP endpoint" method=GET endpoint="http://localhost:8080/resources?page=1" headers="map[Accept:[*/*] Accept-Encoding:[gzip, deflate, br] Content-Type:[application/x-www-form-urlencoded] User-Agent:[carbon/vdevelop] Xf-Api-Key:[(redacted)]]"
time=2025-09-21T21:17:19.021-05:00 level=ERROR msg="could not initialize resource manager" error="readObjectStart: expect { or n, but found <, error found in #1 byte of ...|<!DOCTYPE h|..., bigger context ...|<!DOCTYPE html>\n<html id=\"XF\" lang=\"en-US\" dir=\"LTR|...\nremote: could not unmarshal response\ncarbon/remote.(*Response).BindJSON\n\t/home/ren/Repos/carbon/remote/http.go:228\ncarbon/remote.(*client).getResourcesPaged\n\t/home/ren/Repos/carbon/remote/resources.go:211\ncarbon/remote.(*client).GetResources\n\t/home/ren/Repos/carbon/remote/resources.go:31\ncarbon/internal/resource.(*Manager).init\n\t/home/ren/Repos/carbon/internal/resource/manager.go:51\ncarbon/internal/resource.NewManager\n\t/home/ren/Repos/carbon/internal/resource/manager.go:45\ncarbon/cmd.rootCmdRun\n\t/home/ren/Repos/carbon/cmd/root.go:97\ngithub.com/spf13/cobra.(*Command).execute\n\t/home/ren/go/pkg/mod/github.com/spf13/cobra@v1.8.1/command.go:989\ngithub.com/spf13/cobra.(*Command).ExecuteC\n\t/home/ren/go/pkg/mod/github.com/spf13/cobra@v1.8.1/command.go:1117\ngithub.com/spf13/cobra.(*Command).Execute\n\t/home/ren/go/pkg/mod/github.com/spf13/cobra@v1.8.1/command.go:1041\ncarbon/cmd.Execute\n\t/home/ren/Repos/carbon/cmd/root.go:71\nmain.main\n\t/home/ren/Repos/carbon/carbon.go:68\nruntime.main\n\t/usr/lib/golang/src/runtime/proc.go:283\nruntime.goexit\n\t/usr/lib/golang/src/runtime/asm_amd64.s:1700"
time=2025-09-21T21:17:19.021-05:00 level=INFO msg="initializing server schema into the database..."
time=2025-09-21T21:17:19.226-05:00 level=INFO msg="initializing token schema into the database..."
time=2025-09-21T21:17:19.236-05:00 level=ERROR msg="could not initialize the token manager" error="Error 1075 (42000): Incorrect table definition; there can be only one auto column and it must be defined as a key"
time=2025-09-21T21:17:19.236-05:00 level=INFO msg="initializing api key schema into the database..."
time=2025-09-21T21:17:19.238-05:00 level=INFO msg="initializing client schema into the database..."
time=2025-09-21T21:17:19.287-05:00 level=INFO msg="starting webserver" use_ssl=false use_auto_tls=false host_address=0.0.0.0 host_port=8081
time=2025-09-21T21:17:19.287-05:00 level=INFO msg="web server started"
time=2025-09-21T21:17:33.727-05:00 level=WARN msg="shutting down..."
time=2025-09-21T21:19:53.867-05:00 level=DEBUG msg="running in debug mode"
time=2025-09-21T21:19:53.869-05:00 level=INFO msg="fetching resources from remote API..."
time=2025-09-21T21:19:53.869-05:00 level=DEBUG msg="request to external HTTP endpoint" method=GET endpoint="http://localhost:8080/resources?page=1" headers="map[Accept:[*/*] Accept-Encoding:[gzip, deflate, br] Content-Type:[application/x-www-form-urlencoded] User-Agent:[carbon/vdevelop] Xf-Api-Key:[(redacted)]]"
time=2025-09-21T21:19:53.901-05:00 level=ERROR msg="could not initialize resource manager" error="readObjectStart: expect { or n, but found <, error found in #1 byte of ...|<!DOCTYPE h|..., bigger context ...|<!DOCTYPE html>\n<html id=\"XF\" lang=\"en-US\" dir=\"LTR|...\nremote: could not unmarshal response\ncarbon/remote.(*Response).BindJSON\n\t/home/ren/Repos/carbon/remote/http.go:228\ncarbon/remote.(*client).getResourcesPaged\n\t/home/ren/Repos/carbon/remote/resources.go:211\ncarbon/remote.(*client).GetResources\n\t/home/ren/Repos/carbon/remote/resources.go:31\ncarbon/internal/resource.(*Manager).init\n\t/home/ren/Repos/carbon/internal/resource/manager.go:51\ncarbon/internal/resource.NewManager\n\t/home/ren/Repos/carbon/internal/resource/manager.go:45\ncarbon/cmd.rootCmdRun\n\t/home/ren/Repos/carbon/cmd/root.go:97\ngithub.com/spf13/cobra.(*Command).execute\n\t/home/ren/go/pkg/mod/github.com/spf13/cobra@v1.8.1/command.go:989\ngithub.com/spf13/cobra.(*Command).ExecuteC\n\t/home/ren/go/pkg/mod/github.com/spf13/cobra@v1.8.1/command.go:1117\ngithub.com/spf13/cobra.(*Command).Execute\n\t/home/ren/go/pkg/mod/github.com/spf13/cobra@v1.8.1/command.go:1041\ncarbon/cmd.Execute\n\t/home/ren/Repos/carbon/cmd/root.go:71\nmain.main\n\t/home/ren/Repos/carbon/carbon.go:68\nruntime.main\n\t/usr/lib/golang/src/runtime/proc.go:283\nruntime.goexit\n\t/usr/lib/golang/src/runtime/asm_amd64.s:1700"
time=2025-09-21T21:19:53.901-05:00 level=INFO msg="initializing server schema into the database..."
time=2025-09-21T21:19:53.959-05:00 level=INFO msg="initializing token schema into the database..."
time=2025-09-21T21:19:53.970-05:00 level=ERROR msg="could not initialize the token manager" error="Error 1075 (42000): Incorrect table definition; there can be only one auto column and it must be defined as a key"
time=2025-09-21T21:19:53.970-05:00 level=INFO msg="initializing api key schema into the database..."
time=2025-09-21T21:19:53.972-05:00 level=INFO msg="initializing client schema into the database..."
time=2025-09-21T21:19:54.005-05:00 level=INFO msg="starting webserver" use_ssl=false use_auto_tls=false host_address=0.0.0.0 host_port=8081
time=2025-09-21T21:19:54.005-05:00 level=INFO msg="web server started"
time=2025-09-21T21:20:05.233-05:00 level=WARN msg="shutting down..."
time=2025-09-21T21:21:34.272-05:00 level=DEBUG msg="running in debug mode"
time=2025-09-21T21:21:34.273-05:00 level=INFO msg="fetching resources from remote API..."
time=2025-09-21T21:21:34.273-05:00 level=DEBUG msg="request to external HTTP endpoint" method=GET endpoint="http://localhost:8080/resources?page=1" headers="map[Accept:[*/*] Accept-Encoding:[gzip, deflate, br] Content-Type:[application/x-www-form-urlencoded] User-Agent:[carbon/vdevelop] Xf-Api-Key:[(redacted)]]"
time=2025-09-21T21:21:34.315-05:00 level=ERROR msg="could not initialize resource manager" error="readObjectStart: expect { or n, but found <, error found in #1 byte of ...|<!DOCTYPE h|..., bigger context ...|<!DOCTYPE html>\n<html id=\"XF\" lang=\"en-US\" dir=\"LTR|...\nremote: could not unmarshal response\ncarbon/remote.(*Response).BindJSON\n\t/home/ren/Repos/carbon/remote/http.go:228\ncarbon/remote.(*client).getResourcesPaged\n\t/home/ren/Repos/carbon/remote/resources.go:211\ncarbon/remote.(*client).GetResources\n\t/home/ren/Repos/carbon/remote/resources.go:31\ncarbon/internal/resource.(*Manager).init\n\t/home/ren/Repos/carbon/internal/resource/manager.go:51\ncarbon/internal/resource.NewManager\n\t/home/ren/Repos/carbon/internal/resource/manager.go:45\ncarbon/cmd.rootCmdRun\n\t/home/ren/Repos/carbon/cmd/root.go:97\ngithub.com/spf13/cobra.(*Command).execute\n\t/home/ren/go/pkg/mod/github.com/spf13/cobra@v1.8.1/command.go:989\ngithub.com/spf13/cobra.(*Command).ExecuteC\n\t/home/ren/go/pkg/mod/github.com/spf13/cobra@v1.8.1/command.go:1117\ngithub.com/spf13/cobra.(*Command).Execute\n\t/home/ren/go/pkg/mod/github.com/spf13/cobra@v1.8.1/command.go:1041\ncarbon/cmd.Execute\n\t/home/ren/Repos/carbon/cmd/root.go:71\nmain.main\n\t/home/ren/Repos/carbon/carbon.go:68\nruntime.main\n\t/usr/lib/golang/src/runtime/proc.go:283\nruntime.goexit\n\t/usr/lib/golang/src/runtime/asm_amd64.s:1700"
time=2025-09-21T21:21:34.315-05:00 level=INFO msg="initializing server schema into the database..."
time=2025-09-21T21:21:34.321-05:00 level=INFO msg="initializing token schema into the database..."
time=2025-09-21T21:21:34.353-05:00 level=INFO msg="initializing api key schema into the database..."
time=2025-09-21T21:21:34.354-05:00 level=INFO msg="initializing client schema into the database..."
time=2025-09-21T21:21:34.400-05:00 level=INFO msg="starting webserver" use_ssl=false use_auto_tls=false host_address=0.0.0.0 host_port=8081
time=2025-09-21T21:21:34.400-05:00 level=INFO msg="web server started"
time=2025-09-21T21:22:34.407-05:00 level=INFO msg="refreshing resources cache from remote API..."
time=2025-09-21T21:22:34.407-05:00 level=DEBUG msg="request to external HTTP endpoint" method=GET endpoint="http://localhost:8080/resources?page=1" headers="map[Accept:[*/*] Accept-Encoding:[gzip, deflate, br] Content-Type:[application/x-www-form-urlencoded] User-Agent:[carbon/vdevelop] Xf-Api-Key:[(redacted)]]"
time=2025-09-21T21:22:34.452-05:00 level=ERROR msg="failed to refresh resource cache" error="readObjectStart: expect { or n, but found <, error found in #1 byte of ...|<!DOCTYPE h|..., bigger context ...|<!DOCTYPE html>\n<html id=\"XF\" lang=\"en-US\" dir=\"LTR|...\nremote: could not unmarshal response\ncarbon/remote.(*Response).BindJSON\n\t/home/ren/Repos/carbon/remote/http.go:228\ncarbon/remote.(*client).getResourcesPaged\n\t/home/ren/Repos/carbon/remote/resources.go:211\ncarbon/remote.(*client).GetResources\n\t/home/ren/Repos/carbon/remote/resources.go:31\ncarbon/internal/resource.(*Manager).AsyncRefreshCache\n\t/home/ren/Repos/carbon/internal/resource/manager.go:66\ncarbon/cmd.rootCmdRun.func1\n\t/home/ren/Repos/carbon/cmd/root.go:143\nruntime.goexit\n\t/usr/lib/golang/src/runtime/asm_amd64.s:1700"
time=2025-09-21T21:23:34.453-05:00 level=INFO msg="refreshing resources cache from remote API..."
time=2025-09-21T21:23:34.453-05:00 level=DEBUG msg="request to external HTTP endpoint" method=GET endpoint="http://localhost:8080/resources?page=1" headers="map[Accept:[*/*] Accept-Encoding:[gzip, deflate, br] Content-Type:[application/x-www-form-urlencoded] User-Agent:[carbon/vdevelop] Xf-Api-Key:[(redacted)]]"
time=2025-09-21T21:23:34.496-05:00 level=ERROR msg="failed to refresh resource cache" error="readObjectStart: expect { or n, but found <, error found in #1 byte of ...|<!DOCTYPE h|..., bigger context ...|<!DOCTYPE html>\n<html id=\"XF\" lang=\"en-US\" dir=\"LTR|...\nremote: could not unmarshal response\ncarbon/remote.(*Response).BindJSON\n\t/home/ren/Repos/carbon/remote/http.go:228\ncarbon/remote.(*client).getResourcesPaged\n\t/home/ren/Repos/carbon/remote/resources.go:211\ncarbon/remote.(*client).GetResources\n\t/home/ren/Repos/carbon/remote/resources.go:31\ncarbon/internal/resource.(*Manager).AsyncRefreshCache\n\t/home/ren/Repos/carbon/internal/resource/manager.go:66\ncarbon/cmd.rootCmdRun.func1\n\t/home/ren/Repos/carbon/cmd/root.go:143\nruntime.goexit\n\t/usr/lib/golang/src/runtime/asm_amd64.s:1700"
time=2025-09-21T21:24:34.540-05:00 level=INFO msg="refreshing resources cache from remote API..."
time=2025-09-21T21:24:34.540-05:00 level=DEBUG msg="request to external HTTP endpoint" method=GET endpoint="http://localhost:8080/resources?page=1" headers="map[Accept:[*/*] Accept-Encoding:[gzip, deflate, br] Content-Type:[application/x-www-form-urlencoded] User-Agent:[carbon/vdevelop] Xf-Api-Key:[(redacted)]]"
time=2025-09-21T21:24:34.583-05:00 level=ERROR msg="failed to refresh resource cache" error="readObjectStart: expect { or n, but found <, error found in #1 byte of ...|<!DOCTYPE h|..., bigger context ...|<!DOCTYPE html>\n<html id=\"XF\" lang=\"en-US\" dir=\"LTR|...\nremote: could not unmarshal response\ncarbon/remote.(*Response).BindJSON\n\t/home/ren/Repos/carbon/remote/http.go:228\ncarbon/remote.(*client).getResourcesPaged\n\t/home/ren/Repos/carbon/remote/resources.go:211\ncarbon/remote.(*client).GetResources\n\t/home/ren/Repos/carbon/remote/resources.go:31\ncarbon/internal/resource.(*Manager).AsyncRefreshCache\n\t/home/ren/Repos/carbon/internal/resource/manager.go:66\ncarbon/cmd.rootCmdRun.func1\n\t/home/ren/Repos/carbon/cmd/root.go:143\nruntime.goexit\n\t/usr/lib/golang/src/runtime/asm_amd64.s:1700"
time=2025-09-21T21:25:34.583-05:00 level=INFO msg="refreshing resources cache from remote API..."
time=2025-09-21T21:25:34.583-05:00 level=DEBUG msg="request to external HTTP endpoint" method=GET endpoint="http://localhost:8080/resources?page=1" headers="map[Accept:[*/*] Accept-Encoding:[gzip, deflate, br] Content-Type:[application/x-www-form-urlencoded] User-Agent:[carbon/vdevelop] Xf-Api-Key:[(redacted)]]"
time=2025-09-21T21:25:34.613-05:00 level=ERROR msg="failed to refresh resource cache" error="readObjectStart: expect { or n, but found <, error found in #1 byte of ...|<!DOCTYPE h|..., bigger context ...|<!DOCTYPE html>\n<html id=\"XF\" lang=\"en-US\" dir=\"LTR|...\nremote: could not unmarshal response\ncarbon/remote.(*Response).BindJSON\n\t/home/ren/Repos/carbon/remote/http.go:228\ncarbon/remote.(*client).getResourcesPaged\n\t/home/ren/Repos/carbon/remote/resources.go:211\ncarbon/remote.(*client).GetResources\n\t/home/ren/Repos/carbon/remote/resources.go:31\ncarbon/internal/resource.(*Manager).AsyncRefreshCache\n\t/home/ren/Repos/carbon/internal/resource/manager.go:66\ncarbon/cmd.rootCmdRun.func1\n\t/home/ren/Repos/carbon/cmd/root.go:143\nruntime.goexit\n\t/usr/lib/golang/src/runtime/asm_amd64.s:1700"
time=2025-09-21T21:26:34.658-05:00 level=INFO msg="refreshing resources cache from remote API..."
time=2025-09-21T21:26:34.658-05:00 level=DEBUG msg="request to external HTTP endpoint" method=GET endpoint="http://localhost:8080/resources?page=1" headers="map[Accept:[*/*] Accept-Encoding:[gzip, deflate, br] Content-Type:[application/x-www-form-urlencoded] User-Agent:[carbon/vdevelop] Xf-Api-Key:[(redacted)]]"
time=2025-09-21T21:26:34.688-05:00 level=ERROR msg="failed to refresh resource cache" error="readObjectStart: expect { or n, but found <, error found in #1 byte of ...|<!DOCTYPE h|..., bigger context ...|<!DOCTYPE html>\n<html id=\"XF\" lang=\"en-US\" dir=\"LTR|...\nremote: could not unmarshal response\ncarbon/remote.(*Response).BindJSON\n\t/home/ren/Repos/carbon/remote/http.go:228\ncarbon/remote.(*client).getResourcesPaged\n\t/home/ren/Repos/carbon/remote/resources.go:211\ncarbon/remote.(*client).GetResources\n\t/home/ren/Repos/carbon/remote/resources.go:31\ncarbon/internal/resource.(*Manager).AsyncRefreshCache\n\t/home/ren/Repos/carbon/internal/resource/manager.go:66\ncarbon/cmd.rootCmdRun.func1\n\t/home/ren/Repos/carbon/cmd/root.go:143\nruntime.goexit\n\t/usr/lib/golang/src/runtime/asm_amd64.s:1700"
time=2025-09-21T21:27:34.688-05:00 level=INFO msg="refreshing resources cache from remote API..."
time=2025-09-21T21:27:34.689-05:00 level=DEBUG msg="request to external HTTP endpoint" method=GET endpoint="http://localhost:8080/resources?page=1" headers="map[Accept:[*/*] Accept-Encoding:[gzip, deflate, br] Content-Type:[application/x-www-form-urlencoded] User-Agent:[carbon/vdevelop] Xf-Api-Key:[(redacted)]]"
time=2025-09-21T21:27:34.733-05:00 level=ERROR msg="failed to refresh resource cache" error="readObjectStart: expect { or n, but found <, error found in #1 byte of ...|<!DOCTYPE h|..., bigger context ...|<!DOCTYPE html>\n<html id=\"XF\" lang=\"en-US\" dir=\"LTR|...\nremote: could not unmarshal response\ncarbon/remote.(*Response).BindJSON\n\t/home/ren/Repos/carbon/remote/http.go:228\ncarbon/remote.(*client).getResourcesPaged\n\t/home/ren/Repos/carbon/remote/resources.go:211\ncarbon/remote.(*client).GetResources\n\t/home/ren/Repos/carbon/remote/resources.go:31\ncarbon/internal/resource.(*Manager).AsyncRefreshCache\n\t/home/ren/Repos/carbon/internal/resource/manager.go:66\ncarbon/cmd.rootCmdRun.func1\n\t/home/ren/Repos/carbon/cmd/root.go:143\nruntime.goexit\n\t/usr/lib/golang/src/runtime/asm_amd64.s:1700"
time=2025-09-21T21:28:34.777-05:00 level=INFO msg="refreshing resources cache from remote API..."
time=2025-09-21T21:28:34.777-05:00 level=DEBUG msg="request to external HTTP endpoint" method=GET endpoint="http://localhost:8080/resources?page=1" headers="map[Accept:[*/*] Accept-Encoding:[gzip, deflate, br] Content-Type:[application/x-www-form-urlencoded] User-Agent:[carbon/vdevelop] Xf-Api-Key:[(redacted)]]"
time=2025-09-21T21:28:34.822-05:00 level=ERROR msg="failed to refresh resource cache" error="readObjectStart: expect { or n, but found <, error found in #1 byte of ...|<!DOCTYPE h|..., bigger context ...|<!DOCTYPE html>\n<html id=\"XF\" lang=\"en-US\" dir=\"LTR|...\nremote: could not unmarshal response\ncarbon/remote.(*Response).BindJSON\n\t/home/ren/Repos/carbon/remote/http.go:228\ncarbon/remote.(*client).getResourcesPaged\n\t/home/ren/Repos/carbon/remote/resources.go:211\ncarbon/remote.(*client).GetResources\n\t/home/ren/Repos/carbon/remote/resources.go:31\ncarbon/internal/resource.(*Manager).AsyncRefreshCache\n\t/home/ren/Repos/carbon/internal/resource/manager.go:66\ncarbon/cmd.rootCmdRun.func1\n\t/home/ren/Repos/carbon/cmd/root.go:143\nruntime.goexit\n\t/usr/lib/golang/src/runtime/asm_amd64.s:1700"
time=2025-09-21T21:29:34.822-05:00 level=INFO msg="refreshing resources cache from remote API..."
time=2025-09-21T21:29:34.822-05:00 level=DEBUG msg="request to external HTTP endpoint" method=GET endpoint="http://localhost:8080/resources?page=1" headers="map[Accept:[*/*] Accept-Encoding:[gzip, deflate, br] Content-Type:[application/x-www-form-urlencoded] User-Agent:[carbon/vdevelop] Xf-Api-Key:[(redacted)]]"
time=2025-09-21T21:29:34.863-05:00 level=ERROR msg="failed to refresh resource cache" error="readObjectStart: expect { or n, but found <, error found in #1 byte of ...|<!DOCTYPE h|..., bigger context ...|<!DOCTYPE html>\n<html id=\"XF\" lang=\"en-US\" dir=\"LTR|...\nremote: could not unmarshal response\ncarbon/remote.(*Response).BindJSON\n\t/home/ren/Repos/carbon/remote/http.go:228\ncarbon/remote.(*client).getResourcesPaged\n\t/home/ren/Repos/carbon/remote/resources.go:211\ncarbon/remote.(*client).GetResources\n\t/home/ren/Repos/carbon/remote/resources.go:31\ncarbon/internal/resource.(*Manager).AsyncRefreshCache\n\t/home/ren/Repos/carbon/internal/resource/manager.go:66\ncarbon/cmd.rootCmdRun.func1\n\t/home/ren/Repos/carbon/cmd/root.go:143\nruntime.goexit\n\t/usr/lib/golang/src/runtime/asm_amd64.s:1700"
time=2025-09-21T21:30:34.907-05:00 level=INFO msg="refreshing resources cache from remote API..."
time=2025-09-21T21:30:34.907-05:00 level=DEBUG msg="request to external HTTP endpoint" method=GET endpoint="http://localhost:8080/resources?page=1" headers="map[Accept:[*/*] Accept-Encoding:[gzip, deflate, br] Content-Type:[application/x-www-form-urlencoded] User-Agent:[carbon/vdevelop] Xf-Api-Key:[(redacted)]]"
time=2025-09-21T21:30:34.946-05:00 level=ERROR msg="failed to refresh resource cache" error="readObjectStart: expect { or n, but found <, error found in #1 byte of ...|<!DOCTYPE h|..., bigger context ...|<!DOCTYPE html>\n<html id=\"XF\" lang=\"en-US\" dir=\"LTR|...\nremote: could not unmarshal response\ncarbon/remote.(*Response).BindJSON\n\t/home/ren/Repos/carbon/remote/http.go:228\ncarbon/remote.(*client).getResourcesPaged\n\t/home/ren/Repos/carbon/remote/resources.go:211\ncarbon/remote.(*client).GetResources\n\t/home/ren/Repos/carbon/remote/resources.go:31\ncarbon/internal/resource.(*Manager).AsyncRefreshCache\n\t/home/ren/Repos/carbon/internal/resource/manager.go:66\ncarbon/cmd.rootCmdRun.func1\n\t/home/ren/Repos/carbon/cmd/root.go:143\nruntime.goexit\n\t/usr/lib/golang/src/runtime/asm_amd64.s:1700"
time=2025-09-21T21:31:34.946-05:00 level=INFO msg="refreshing resources cache from remote API..."
time=2025-09-21T21:31:34.946-05:00 level=DEBUG msg="request to external HTTP endpoint" method=GET endpoint="http://localhost:8080/resources?page=1" headers="map[Accept:[*/*] Accept-Encoding:[gzip, deflate, br] Content-Type:[application/x-www-form-urlencoded] User-Agent:[carbon/vdevelop] Xf-Api-Key:[(redacted)]]"
time=2025-09-21T21:31:34.991-05:00 level=ERROR msg="failed to refresh resource cache" error="readObjectStart: expect { or n, but found <, error found in #1 byte of ...|<!DOCTYPE h|..., bigger context ...|<!DOCTYPE html>\n<html id=\"XF\" lang=\"en-US\" dir=\"LTR|...\nremote: could not unmarshal response\ncarbon/remote.(*Response).BindJSON\n\t/home/ren/Repos/carbon/remote/http.go:228\ncarbon/remote.(*client).getResourcesPaged\n\t/home/ren/Repos/carbon/remote/resources.go:211\ncarbon/remote.(*client).GetResources\n\t/home/ren/Repos/carbon/remote/resources.go:31\ncarbon/internal/resource.(*Manager).AsyncRefreshCache\n\t/home/ren/Repos/carbon/internal/resource/manager.go:66\ncarbon/cmd.rootCmdRun.func1\n\t/home/ren/Repos/carbon/cmd/root.go:143\nruntime.goexit\n\t/usr/lib/golang/src/runtime/asm_amd64.s:1700"
time=2025-09-21T21:32:35.035-05:00 level=INFO msg="refreshing resources cache from remote API..."
time=2025-09-21T21:32:35.035-05:00 level=DEBUG msg="request to external HTTP endpoint" method=GET endpoint="http://localhost:8080/resources?page=1" headers="map[Accept:[*/*] Accept-Encoding:[gzip, deflate, br] Content-Type:[application/x-www-form-urlencoded] User-Agent:[carbon/vdevelop] Xf-Api-Key:[(redacted)]]"
time=2025-09-21T21:32:35.079-05:00 level=ERROR msg="failed to refresh resource cache" error="readObjectStart: expect { or n, but found <, error found in #1 byte of ...|<!DOCTYPE h|..., bigger context ...|<!DOCTYPE html>\n<html id=\"XF\" lang=\"en-US\" dir=\"LTR|...\nremote: could not unmarshal response\ncarbon/remote.(*Response).BindJSON\n\t/home/ren/Repos/carbon/remote/http.go:228\ncarbon/remote.(*client).getResourcesPaged\n\t/home/ren/Repos/carbon/remote/resources.go:211\ncarbon/remote.(*client).GetResources\n\t/home/ren/Repos/carbon/remote/resources.go:31\ncarbon/internal/resource.(*Manager).AsyncRefreshCache\n\t/home/ren/Repos/carbon/internal/resource/manager.go:66\ncarbon/cmd.rootCmdRun.func1\n\t/home/ren/Repos/carbon/cmd/root.go:143\nruntime.goexit\n\t/usr/lib/golang/src/runtime/asm_amd64.s:1700"
time=2025-09-21T21:33:35.079-05:00 level=INFO msg="refreshing resources cache from remote API..."
time=2025-09-21T21:33:35.080-05:00 level=DEBUG msg="request to external HTTP endpoint" method=GET endpoint="http://localhost:8080/resources?page=1" headers="map[Accept:[*/*] Accept-Encoding:[gzip, deflate, br] Content-Type:[application/x-www-form-urlencoded] User-Agent:[carbon/vdevelop] Xf-Api-Key:[(redacted)]]"
time=2025-09-21T21:33:35.120-05:00 level=ERROR msg="failed to refresh resource cache" error="readObjectStart: expect { or n, but found <, error found in #1 byte of ...|<!DOCTYPE h|..., bigger context ...|<!DOCTYPE html>\n<html id=\"XF\" lang=\"en-US\" dir=\"LTR|...\nremote: could not unmarshal response\ncarbon/remote.(*Response).BindJSON\n\t/home/ren/Repos/carbon/remote/http.go:228\ncarbon/remote.(*client).getResourcesPaged\n\t/home/ren/Repos/carbon/remote/resources.go:211\ncarbon/remote.(*client).GetResources\n\t/home/ren/Repos/carbon/remote/resources.go:31\ncarbon/internal/resource.(*Manager).AsyncRefreshCache\n\t/home/ren/Repos/carbon/internal/resource/manager.go:66\ncarbon/cmd.rootCmdRun.func1\n\t/home/ren/Repos/carbon/cmd/root.go:143\nruntime.goexit\n\t/usr/lib/golang/src/runtime/asm_amd64.s:1700"
time=2025-09-21T21:34:35.157-05:00 level=INFO msg="refreshing resources cache from remote API..."
time=2025-09-21T21:34:35.157-05:00 level=DEBUG msg="request to external HTTP endpoint" method=GET endpoint="http://localhost:8080/resources?page=1" headers="map[Accept:[*/*] Accept-Encoding:[gzip, deflate, br] Content-Type:[application/x-www-form-urlencoded] User-Agent:[carbon/vdevelop] Xf-Api-Key:[(redacted)]]"
time=2025-09-21T21:34:35.186-05:00 level=ERROR msg="failed to refresh resource cache" error="readObjectStart: expect { or n, but found <, error found in #1 byte of ...|<!DOCTYPE h|..., bigger context ...|<!DOCTYPE html>\n<html id=\"XF\" lang=\"en-US\" dir=\"LTR|...\nremote: could not unmarshal response\ncarbon/remote.(*Response).BindJSON\n\t/home/ren/Repos/carbon/remote/http.go:228\ncarbon/remote.(*client).getResourcesPaged\n\t/home/ren/Repos/carbon/remote/resources.go:211\ncarbon/remote.(*client).GetResources\n\t/home/ren/Repos/carbon/remote/resources.go:31\ncarbon/internal/resource.(*Manager).AsyncRefreshCache\n\t/home/ren/Repos/carbon/internal/resource/manager.go:66\ncarbon/cmd.rootCmdRun.func1\n\t/home/ren/Repos/carbon/cmd/root.go:143\nruntime.goexit\n\t/usr/lib/golang/src/runtime/asm_amd64.s:1700"
time=2025-09-21T21:35:35.186-05:00 level=INFO msg="refreshing resources cache from remote API..."
time=2025-09-21T21:35:35.186-05:00 level=DEBUG msg="request to external HTTP endpoint" method=GET endpoint="http://localhost:8080/resources?page=1" headers="map[Accept:[*/*] Accept-Encoding:[gzip, deflate, br] Content-Type:[application/x-www-form-urlencoded] User-Agent:[carbon/vdevelop] Xf-Api-Key:[(redacted)]]"
time=2025-09-21T21:35:35.228-05:00 level=ERROR msg="failed to refresh resource cache" error="readObjectStart: expect { or n, but found <, error found in #1 byte of ...|<!DOCTYPE h|..., bigger context ...|<!DOCTYPE html>\n<html id=\"XF\" lang=\"en-US\" dir=\"LTR|...\nremote: could not unmarshal response\ncarbon/remote.(*Response).BindJSON\n\t/home/ren/Repos/carbon/remote/http.go:228\ncarbon/remote.(*client).getResourcesPaged\n\t/home/ren/Repos/carbon/remote/resources.go:211\ncarbon/remote.(*client).GetResources\n\t/home/ren/Repos/carbon/remote/resources.go:31\ncarbon/internal/resource.(*Manager).AsyncRefreshCache\n\t/home/ren/Repos/carbon/internal/resource/manager.go:66\ncarbon/cmd.rootCmdRun.func1\n\t/home/ren/Repos/carbon/cmd/root.go:143\nruntime.goexit\n\t/usr/lib/golang/src/runtime/asm_amd64.s:1700"
time=2025-09-21T21:36:35.273-05:00 level=INFO msg="refreshing resources cache from remote API..."
time=2025-09-21T21:36:35.273-05:00 level=DEBUG msg="request to external HTTP endpoint" method=GET endpoint="http://localhost:8080/resources?page=1" headers="map[Accept:[*/*] Accept-Encoding:[gzip, deflate, br] Content-Type:[application/x-www-form-urlencoded] User-Agent:[carbon/vdevelop] Xf-Api-Key:[(redacted)]]"
time=2025-09-21T21:36:35.316-05:00 level=ERROR msg="failed to refresh resource cache" error="readObjectStart: expect { or n, but found <, error found in #1 byte of ...|<!DOCTYPE h|..., bigger context ...|<!DOCTYPE html>\n<html id=\"XF\" lang=\"en-US\" dir=\"LTR|...\nremote: could not unmarshal response\ncarbon/remote.(*Response).BindJSON\n\t/home/ren/Repos/carbon/remote/http.go:228\ncarbon/remote.(*client).getResourcesPaged\n\t/home/ren/Repos/carbon/remote/resources.go:211\ncarbon/remote.(*client).GetResources\n\t/home/ren/Repos/carbon/remote/resources.go:31\ncarbon/internal/resource.(*Manager).AsyncRefreshCache\n\t/home/ren/Repos/carbon/internal/resource/manager.go:66\ncarbon/cmd.rootCmdRun.func1\n\t/home/ren/Repos/carbon/cmd/root.go:143\nruntime.goexit\n\t/usr/lib/golang/src/runtime/asm_amd64.s:1700"
time=2025-09-21T21:37:35.317-05:00 level=INFO msg="refreshing resources cache from remote API..."
time=2025-09-21T21:37:35.317-05:00 level=DEBUG msg="request to external HTTP endpoint" method=GET endpoint="http://localhost:8080/resources?page=1" headers="map[Accept:[*/*] Accept-Encoding:[gzip, deflate, br] Content-Type:[application/x-www-form-urlencoded] User-Agent:[carbon/vdevelop] Xf-Api-Key:[(redacted)]]"
time=2025-09-21T21:37:35.358-05:00 level=ERROR msg="failed to refresh resource cache" error="readObjectStart: expect { or n, but found <, error found in #1 byte of ...|<!DOCTYPE h|..., bigger context ...|<!DOCTYPE html>\n<html id=\"XF\" lang=\"en-US\" dir=\"LTR|...\nremote: could not unmarshal response\ncarbon/remote.(*Response).BindJSON\n\t/home/ren/Repos/carbon/remote/http.go:228\ncarbon/remote.(*client).getResourcesPaged\n\t/home/ren/Repos/carbon/remote/resources.go:211\ncarbon/remote.(*client).GetResources\n\t/home/ren/Repos/carbon/remote/resources.go:31\ncarbon/internal/resource.(*Manager).AsyncRefreshCache\n\t/home/ren/Repos/carbon/internal/resource/manager.go:66\ncarbon/cmd.rootCmdRun.func1\n\t/home/ren/Repos/carbon/cmd/root.go:143\nruntime.goexit\n\t/usr/lib/golang/src/runtime/asm_amd64.s:1700"
time=2025-09-21T21:38:35.402-05:00 level=INFO msg="refreshing resources cache from remote API..."
time=2025-09-21T21:38:35.402-05:00 level=DEBUG msg="request to external HTTP endpoint" method=GET endpoint="http://localhost:8080/resources?page=1" headers="map[Accept:[*/*] Accept-Encoding:[gzip, deflate, br] Content-Type:[application/x-www-form-urlencoded] User-Agent:[carbon/vdevelop] Xf-Api-Key:[(redacted)]]"
time=2025-09-21T21:38:35.442-05:00 level=ERROR msg="failed to refresh resource cache" error="readObjectStart: expect { or n, but found <, error found in #1 byte of ...|<!DOCTYPE h|..., bigger context ...|<!DOCTYPE html>\n<html id=\"XF\" lang=\"en-US\" dir=\"LTR|...\nremote: could not unmarshal response\ncarbon/remote.(*Response).BindJSON\n\t/home/ren/Repos/carbon/remote/http.go:228\ncarbon/remote.(*client).getResourcesPaged\n\t/home/ren/Repos/carbon/remote/resources.go:211\ncarbon/remote.(*client).GetResources\n\t/home/ren/Repos/carbon/remote/resources.go:31\ncarbon/internal/resource.(*Manager).AsyncRefreshCache\n\t/home/ren/Repos/carbon/internal/resource/manager.go:66\ncarbon/cmd.rootCmdRun.func1\n\t/home/ren/Repos/carbon/cmd/root.go:143\nruntime.goexit\n\t/usr/lib/golang/src/runtime/asm_amd64.s:1700"
time=2025-09-21T21:39:35.442-05:00 level=INFO msg="refreshing resources cache from remote API..."
time=2025-09-21T21:39:35.443-05:00 level=DEBUG msg="request to external HTTP endpoint" method=GET endpoint="http://localhost:8080/resources?page=1" headers="map[Accept:[*/*] Accept-Encoding:[gzip, deflate, br] Content-Type:[application/x-www-form-urlencoded] User-Agent:[carbon/vdevelop] Xf-Api-Key:[(redacted)]]"
time=2025-09-21T21:39:35.484-05:00 level=ERROR msg="failed to refresh resource cache" error="readObjectStart: expect { or n, but found <, error found in #1 byte of ...|<!DOCTYPE h|..., bigger context ...|<!DOCTYPE html>\n<html id=\"XF\" lang=\"en-US\" dir=\"LTR|...\nremote: could not unmarshal response\ncarbon/remote.(*Response).BindJSON\n\t/home/ren/Repos/carbon/remote/http.go:228\ncarbon/remote.(*client).getResourcesPaged\n\t/home/ren/Repos/carbon/remote/resources.go:211\ncarbon/remote.(*client).GetResources\n\t/home/ren/Repos/carbon/remote/resources.go:31\ncarbon/internal/resource.(*Manager).AsyncRefreshCache\n\t/home/ren/Repos/carbon/internal/resource/manager.go:66\ncarbon/cmd.rootCmdRun.func1\n\t/home/ren/Repos/carbon/cmd/root.go:143\nruntime.goexit\n\t/usr/lib/golang/src/runtime/asm_amd64.s:1700"
time=2025-09-21T21:40:35.528-05:00 level=INFO msg="refreshing resources cache from remote API..."
time=2025-09-21T21:40:35.528-05:00 level=DEBUG msg="request to external HTTP endpoint" method=GET endpoint="http://localhost:8080/resources?page=1" headers="map[Accept:[*/*] Accept-Encoding:[gzip, deflate, br] Content-Type:[application/x-www-form-urlencoded] User-Agent:[carbon/vdevelop] Xf-Api-Key:[(redacted)]]"
time=2025-09-21T21:40:35.569-05:00 level=ERROR msg="failed to refresh resource cache" error="readObjectStart: expect { or n, but found <, error found in #1 byte of ...|<!DOCTYPE h|..., bigger context ...|<!DOCTYPE html>\n<html id=\"XF\" lang=\"en-US\" dir=\"LTR|...\nremote: could not unmarshal response\ncarbon/remote.(*Response).BindJSON\n\t/home/ren/Repos/carbon/remote/http.go:228\ncarbon/remote.(*client).getResourcesPaged\n\t/home/ren/Repos/carbon/remote/resources.go:211\ncarbon/remote.(*client).GetResources\n\t/home/ren/Repos/carbon/remote/resources.go:31\ncarbon/internal/resource.(*Manager).AsyncRefreshCache\n\t/home/ren/Repos/carbon/internal/resource/manager.go:66\ncarbon/cmd.rootCmdRun.func1\n\t/home/ren/Repos/carbon/cmd/root.go:143\nruntime.goexit\n\t/usr/lib/golang/src/runtime/asm_amd64.s:1700"
time=2025-09-21T21:41:35.569-05:00 level=INFO msg="refreshing resources cache from remote API..."
time=2025-09-21T21:41:35.570-05:00 level=DEBUG msg="request to external HTTP endpoint" method=GET endpoint="http://localhost:8080/resources?page=1" headers="map[Accept:[*/*] Accept-Encoding:[gzip, deflate, br] Content-Type:[application/x-www-form-urlencoded] User-Agent:[carbon/vdevelop] Xf-Api-Key:[(redacted)]]"
time=2025-09-21T21:41:35.614-05:00 level=ERROR msg="failed to refresh resource cache" error="readObjectStart: expect { or n, but found <, error found in #1 byte of ...|<!DOCTYPE h|..., bigger context ...|<!DOCTYPE html>\n<html id=\"XF\" lang=\"en-US\" dir=\"LTR|...\nremote: could not unmarshal response\ncarbon/remote.(*Response).BindJSON\n\t/home/ren/Repos/carbon/remote/http.go:228\ncarbon/remote.(*client).getResourcesPaged\n\t/home/ren/Repos/carbon/remote/resources.go:211\ncarbon/remote.(*client).GetResources\n\t/home/ren/Repos/carbon/remote/resources.go:31\ncarbon/internal/resource.(*Manager).AsyncRefreshCache\n\t/home/ren/Repos/carbon/internal/resource/manager.go:66\ncarbon/cmd.rootCmdRun.func1\n\t/home/ren/Repos/carbon/cmd/root.go:143\nruntime.goexit\n\t/usr/lib/golang/src/runtime/asm_amd64.s:1700"
time=2025-09-21T21:42:35.659-05:00 level=INFO msg="refreshing resources cache from remote API..."
time=2025-09-21T21:42:35.659-05:00 level=DEBUG msg="request to external HTTP endpoint" method=GET endpoint="http://localhost:8080/resources?page=1" headers="map[Accept:[*/*] Accept-Encoding:[gzip, deflate, br] Content-Type:[application/x-www-form-urlencoded] User-Agent:[carbon/vdevelop] Xf-Api-Key:[(redacted)]]"
time=2025-09-21T21:42:35.701-05:00 level=ERROR msg="failed to refresh resource cache" error="readObjectStart: expect { or n, but found <, error found in #1 byte of ...|<!DOCTYPE h|..., bigger context ...|<!DOCTYPE html>\n<html id=\"XF\" lang=\"en-US\" dir=\"LTR|...\nremote: could not unmarshal response\ncarbon/remote.(*Response).BindJSON\n\t/home/ren/Repos/carbon/remote/http.go:228\ncarbon/remote.(*client).getResourcesPaged\n\t/home/ren/Repos/carbon/remote/resources.go:211\ncarbon/remote.(*client).GetResources\n\t/home/ren/Repos/carbon/remote/resources.go:31\ncarbon/internal/resource.(*Manager).AsyncRefreshCache\n\t/home/ren/Repos/carbon/internal/resource/manager.go:66\ncarbon/cmd.rootCmdRun.func1\n\t/home/ren/Repos/carbon/cmd/root.go:143\nruntime.goexit\n\t/usr/lib/golang/src/runtime/asm_amd64.s:1700"
time=2025-09-21T21:43:35.701-05:00 level=INFO msg="refreshing resources cache from remote API..."
time=2025-09-21T21:43:35.701-05:00 level=DEBUG msg="request to external HTTP endpoint" method=GET endpoint="http://localhost:8080/resources?page=1" headers="map[Accept:[*/*] Accept-Encoding:[gzip, deflate, br] Content-Type:[application/x-www-form-urlencoded] User-Agent:[carbon/vdevelop] Xf-Api-Key:[(redacted)]]"
time=2025-09-21T21:43:35.732-05:00 level=ERROR msg="failed to refresh resource cache" error="readObjectStart: expect { or n, but found <, error found in #1 byte of ...|<!DOCTYPE h|..., bigger context ...|<!DOCTYPE html>\n<html id=\"XF\" lang=\"en-US\" dir=\"LTR|...\nremote: could not unmarshal response\ncarbon/remote.(*Response).BindJSON\n\t/home/ren/Repos/carbon/remote/http.go:228\ncarbon/remote.(*client).getResourcesPaged\n\t/home/ren/Repos/carbon/remote/resources.go:211\ncarbon/remote.(*client).GetResources\n\t/home/ren/Repos/carbon/remote/resources.go:31\ncarbon/internal/resource.(*Manager).AsyncRefreshCache\n\t/home/ren/Repos/carbon/internal/resource/manager.go:66\ncarbon/cmd.rootCmdRun.func1\n\t/home/ren/Repos/carbon/cmd/root.go:143\nruntime.goexit\n\t/usr/lib/golang/src/runtime/asm_amd64.s:1700"
time=2025-09-21T21:44:35.776-05:00 level=INFO msg="refreshing resources cache from remote API..."
time=2025-09-21T21:44:35.776-05:00 level=DEBUG msg="request to external HTTP endpoint" method=GET endpoint="http://localhost:8080/resources?page=1" headers="map[Accept:[*/*] Accept-Encoding:[gzip, deflate, br] Content-Type:[application/x-www-form-urlencoded] User-Agent:[carbon/vdevelop] Xf-Api-Key:[(redacted)]]"
time=2025-09-21T21:44:35.804-05:00 level=ERROR msg="failed to refresh resource cache" error="readObjectStart: expect { or n, but found <, error found in #1 byte of ...|<!DOCTYPE h|..., bigger context ...|<!DOCTYPE html>\n<html id=\"XF\" lang=\"en-US\" dir=\"LTR|...\nremote: could not unmarshal response\ncarbon/remote.(*Response).BindJSON\n\t/home/ren/Repos/carbon/remote/http.go:228\ncarbon/remote.(*client).getResourcesPaged\n\t/home/ren/Repos/carbon/remote/resources.go:211\ncarbon/remote.(*client).GetResources\n\t/home/ren/Repos/carbon/remote/resources.go:31\ncarbon/internal/resource.(*Manager).AsyncRefreshCache\n\t/home/ren/Repos/carbon/internal/resource/manager.go:66\ncarbon/cmd.rootCmdRun.func1\n\t/home/ren/Repos/carbon/cmd/root.go:143\nruntime.goexit\n\t/usr/lib/golang/src/runtime/asm_amd64.s:1700"
time=2025-09-21T21:45:35.804-05:00 level=INFO msg="refreshing resources cache from remote API..."
time=2025-09-21T21:45:35.804-05:00 level=DEBUG msg="request to external HTTP endpoint" method=GET endpoint="http://localhost:8080/resources?page=1" headers="map[Accept:[*/*] Accept-Encoding:[gzip, deflate, br] Content-Type:[application/x-www-form-urlencoded] User-Agent:[carbon/vdevelop] Xf-Api-Key:[(redacted)]]"
time=2025-09-21T21:45:35.835-05:00 level=ERROR msg="failed to refresh resource cache" error="readObjectStart: expect { or n, but found <, error found in #1 byte of ...|<!DOCTYPE h|..., bigger context ...|<!DOCTYPE html>\n<html id=\"XF\" lang=\"en-US\" dir=\"LTR|...\nremote: could not unmarshal response\ncarbon/remote.(*Response).BindJSON\n\t/home/ren/Repos/carbon/remote/http.go:228\ncarbon/remote.(*client).getResourcesPaged\n\t/home/ren/Repos/carbon/remote/resources.go:211\ncarbon/remote.(*client).GetResources\n\t/home/ren/Repos/carbon/remote/resources.go:31\ncarbon/internal/resource.(*Manager).AsyncRefreshCache\n\t/home/ren/Repos/carbon/internal/resource/manager.go:66\ncarbon/cmd.rootCmdRun.func1\n\t/home/ren/Repos/carbon/cmd/root.go:143\nruntime.goexit\n\t/usr/lib/golang/src/runtime/asm_amd64.s:1700"
time=2025-09-21T21:46:35.879-05:00 level=INFO msg="refreshing resources cache from remote API..."
time=2025-09-21T21:46:35.879-05:00 level=DEBUG msg="request to external HTTP endpoint" method=GET endpoint="http://localhost:8080/resources?page=1" headers="map[Accept:[*/*] Accept-Encoding:[gzip, deflate, br] Content-Type:[application/x-www-form-urlencoded] User-Agent:[carbon/vdevelop] Xf-Api-Key:[(redacted)]]"
time=2025-09-21T21:46:35.918-05:00 level=ERROR msg="failed to refresh resource cache" error="readObjectStart: expect { or n, but found <, error found in #1 byte of ...|<!DOCTYPE h|..., bigger context ...|<!DOCTYPE html>\n<html id=\"XF\" lang=\"en-US\" dir=\"LTR|...\nremote: could not unmarshal response\ncarbon/remote.(*Response).BindJSON\n\t/home/ren/Repos/carbon/remote/http.go:228\ncarbon/remote.(*client).getResourcesPaged\n\t/home/ren/Repos/carbon/remote/resources.go:211\ncarbon/remote.(*client).GetResources\n\t/home/ren/Repos/carbon/remote/resources.go:31\ncarbon/internal/resource.(*Manager).AsyncRefreshCache\n\t/home/ren/Repos/carbon/internal/resource/manager.go:66\ncarbon/cmd.rootCmdRun.func1\n\t/home/ren/Repos/carbon/cmd/root.go:143\nruntime.goexit\n\t/usr/lib/golang/src/runtime/asm_amd64.s:1700"
time=2025-09-21T21:47:35.918-05:00 level=INFO msg="refreshing resources cache from remote API..."
time=2025-09-21T21:47:35.918-05:00 level=DEBUG msg="request to external HTTP endpoint" method=GET endpoint="http://localhost:8080/resources?page=1" headers="map[Accept:[*/*] Accept-Encoding:[gzip, deflate, br] Content-Type:[application/x-www-form-urlencoded] User-Agent:[carbon/vdevelop] Xf-Api-Key:[(redacted)]]"
time=2025-09-21T21:47:35.958-05:00 level=ERROR msg="failed to refresh resource cache" error="readObjectStart: expect { or n, but found <, error found in #1 byte of ...|<!DOCTYPE h|..., bigger context ...|<!DOCTYPE html>\n<html id=\"XF\" lang=\"en-US\" dir=\"LTR|...\nremote: could not unmarshal response\ncarbon/remote.(*Response).BindJSON\n\t/home/ren/Repos/carbon/remote/http.go:228\ncarbon/remote.(*client).getResourcesPaged\n\t/home/ren/Repos/carbon/remote/resources.go:211\ncarbon/remote.(*client).GetResources\n\t/home/ren/Repos/carbon/remote/resources.go:31\ncarbon/internal/resource.(*Manager).AsyncRefreshCache\n\t/home/ren/Repos/carbon/internal/resource/manager.go:66\ncarbon/cmd.rootCmdRun.func1\n\t/home/ren/Repos/carbon/cmd/root.go:143\nruntime.goexit\n\t/usr/lib/golang/src/runtime/asm_amd64.s:1700"
time=2025-09-21T21:48:36.002-05:00 level=INFO msg="refreshing resources cache from remote API..."
time=2025-09-21T21:48:36.002-05:00 level=DEBUG msg="request to external HTTP endpoint" method=GET endpoint="http://localhost:8080/resources?page=1" headers="map[Accept:[*/*] Accept-Encoding:[gzip, deflate, br] Content-Type:[application/x-www-form-urlencoded] User-Agent:[carbon/vdevelop] Xf-Api-Key:[(redacted)]]"
time=2025-09-21T21:48:36.041-05:00 level=ERROR msg="failed to refresh resource cache" error="readObjectStart: expect { or n, but found <, error found in #1 byte of ...|<!DOCTYPE h|..., bigger context ...|<!DOCTYPE html>\n<html id=\"XF\" lang=\"en-US\" dir=\"LTR|...\nremote: could not unmarshal response\ncarbon/remote.(*Response).BindJSON\n\t/home/ren/Repos/carbon/remote/http.go:228\ncarbon/remote.(*client).getResourcesPaged\n\t/home/ren/Repos/carbon/remote/resources.go:211\ncarbon/remote.(*client).GetResources\n\t/home/ren/Repos/carbon/remote/resources.go:31\ncarbon/internal/resource.(*Manager).AsyncRefreshCache\n\t/home/ren/Repos/carbon/internal/resource/manager.go:66\ncarbon/cmd.rootCmdRun.func1\n\t/home/ren/Repos/carbon/cmd/root.go:143\nruntime.goexit\n\t/usr/lib/golang/src/runtime/asm_amd64.s:1700"
time=2025-09-21T21:49:36.041-05:00 level=INFO msg="refreshing resources cache from remote API..."
time=2025-09-21T21:49:36.042-05:00 level=DEBUG msg="request to external HTTP endpoint" method=GET endpoint="http://localhost:8080/resources?page=1" headers="map[Accept:[*/*] Accept-Encoding:[gzip, deflate, br] Content-Type:[application/x-www-form-urlencoded] User-Agent:[carbon/vdevelop] Xf-Api-Key:[(redacted)]]"
time=2025-09-21T21:49:36.082-05:00 level=ERROR msg="failed to refresh resource cache" error="readObjectStart: expect { or n, but found <, error found in #1 byte of ...|<!DOCTYPE h|..., bigger context ...|<!DOCTYPE html>\n<html id=\"XF\" lang=\"en-US\" dir=\"LTR|...\nremote: could not unmarshal response\ncarbon/remote.(*Response).BindJSON\n\t/home/ren/Repos/carbon/remote/http.go:228\ncarbon/remote.(*client).getResourcesPaged\n\t/home/ren/Repos/carbon/remote/resources.go:211\ncarbon/remote.(*client).GetResources\n\t/home/ren/Repos/carbon/remote/resources.go:31\ncarbon/internal/resource.(*Manager).AsyncRefreshCache\n\t/home/ren/Repos/carbon/internal/resource/manager.go:66\ncarbon/cmd.rootCmdRun.func1\n\t/home/ren/Repos/carbon/cmd/root.go:143\nruntime.goexit\n\t/usr/lib/golang/src/runtime/asm_amd64.s:1700"
time=2025-09-21T21:50:36.110-05:00 level=INFO msg="refreshing resources cache from remote API..."
time=2025-09-21T21:50:36.110-05:00 level=DEBUG msg="request to external HTTP endpoint" method=GET endpoint="http://localhost:8080/resources?page=1" headers="map[Accept:[*/*] Accept-Encoding:[gzip, deflate, br] Content-Type:[application/x-www-form-urlencoded] User-Agent:[carbon/vdevelop] Xf-Api-Key:[(redacted)]]"
time=2025-09-21T21:50:36.141-05:00 level=ERROR msg="failed to refresh resource cache" error="readObjectStart: expect { or n, but found <, error found in #1 byte of ...|<!DOCTYPE h|..., bigger context ...|<!DOCTYPE html>\n<html id=\"XF\" lang=\"en-US\" dir=\"LTR|...\nremote: could not unmarshal response\ncarbon/remote.(*Response).BindJSON\n\t/home/ren/Repos/carbon/remote/http.go:228\ncarbon/remote.(*client).getResourcesPaged\n\t/home/ren/Repos/carbon/remote/resources.go:211\ncarbon/remote.(*client).GetResources\n\t/home/ren/Repos/carbon/remote/resources.go:31\ncarbon/internal/resource.(*Manager).AsyncRefreshCache\n\t/home/ren/Repos/carbon/internal/resource/manager.go:66\ncarbon/cmd.rootCmdRun.func1\n\t/home/ren/Repos/carbon/cmd/root.go:143\nruntime.goexit\n\t/usr/lib/golang/src/runtime/asm_amd64.s:1700"
time=2025-09-21T21:51:36.141-05:00 level=INFO msg="refreshing resources cache from remote API..."
time=2025-09-21T21:51:36.141-05:00 level=DEBUG msg="request to external HTTP endpoint" method=GET endpoint="http://localhost:8080/resources?page=1" headers="map[Accept:[*/*] Accept-Encoding:[gzip, deflate, br] Content-Type:[application/x-www-form-urlencoded] User-Agent:[carbon/vdevelop] Xf-Api-Key:[(redacted)]]"
time=2025-09-21T21:51:36.180-05:00 level=ERROR msg="failed to refresh resource cache" error="readObjectStart: expect { or n, but found <, error found in #1 byte of ...|<!DOCTYPE h|..., bigger context ...|<!DOCTYPE html>\n<html id=\"XF\" lang=\"en-US\" dir=\"LTR|...\nremote: could not unmarshal response\ncarbon/remote.(*Response).BindJSON\n\t/home/ren/Repos/carbon/remote/http.go:228\ncarbon/remote.(*client).getResourcesPaged\n\t/home/ren/Repos/carbon/remote/resources.go:211\ncarbon/remote.(*client).GetResources\n\t/home/ren/Repos/carbon/remote/resources.go:31\ncarbon/internal/resource.(*Manager).AsyncRefreshCache\n\t/home/ren/Repos/carbon/internal/resource/manager.go:66\ncarbon/cmd.rootCmdRun.func1\n\t/home/ren/Repos/carbon/cmd/root.go:143\nruntime.goexit\n\t/usr/lib/golang/src/runtime/asm_amd64.s:1700"
time=2025-09-21T21:52:36.190-05:00 level=INFO msg="refreshing resources cache from remote API..."
time=2025-09-21T21:52:36.190-05:00 level=DEBUG msg="request to external HTTP endpoint" method=GET endpoint="http://localhost:8080/resources?page=1" headers="map[Accept:[*/*] Accept-Encoding:[gzip, deflate, br] Content-Type:[application/x-www-form-urlencoded] User-Agent:[carbon/vdevelop] Xf-Api-Key:[(redacted)]]"
time=2025-09-21T21:52:36.229-05:00 level=ERROR msg="failed to refresh resource cache" error="readObjectStart: expect { or n, but found <, error found in #1 byte of ...|<!DOCTYPE h|..., bigger context ...|<!DOCTYPE html>\n<html id=\"XF\" lang=\"en-US\" dir=\"LTR|...\nremote: could not unmarshal response\ncarbon/remote.(*Response).BindJSON\n\t/home/ren/Repos/carbon/remote/http.go:228\ncarbon/remote.(*client).getResourcesPaged\n\t/home/ren/Repos/carbon/remote/resources.go:211\ncarbon/remote.(*client).GetResources\n\t/home/ren/Repos/carbon/remote/resources.go:31\ncarbon/internal/resource.(*Manager).AsyncRefreshCache\n\t/home/ren/Repos/carbon/internal/resource/manager.go:66\ncarbon/cmd.rootCmdRun.func1\n\t/home/ren/Repos/carbon/cmd/root.go:143\nruntime.goexit\n\t/usr/lib/golang/src/runtime/asm_amd64.s:1700"
time=2025-09-21T21:53:36.230-05:00 level=INFO msg="refreshing resources cache from remote API..."
time=2025-09-21T21:53:36.230-05:00 level=DEBUG msg="request to external HTTP endpoint" method=GET endpoint="http://localhost:8080/resources?page=1" headers="map[Accept:[*/*] Accept-Encoding:[gzip, deflate, br] Content-Type:[application/x-www-form-urlencoded] User-Agent:[carbon/vdevelop] Xf-Api-Key:[(redacted)]]"
time=2025-09-21T21:53:36.268-05:00 level=ERROR msg="failed to refresh resource cache" error="readObjectStart: expect { or n, but found <, error found in #1 byte of ...|<!DOCTYPE h|..., bigger context ...|<!DOCTYPE html>\n<html id=\"XF\" lang=\"en-US\" dir=\"LTR|...\nremote: could not unmarshal response\ncarbon/remote.(*Response).BindJSON\n\t/home/ren/Repos/carbon/remote/http.go:228\ncarbon/remote.(*client).getResourcesPaged\n\t/home/ren/Repos/carbon/remote/resources.go:211\ncarbon/remote.(*client).GetResources\n\t/home/ren/Repos/carbon/remote/resources.go:31\ncarbon/internal/resource.(*Manager).AsyncRefreshCache\n\t/home/ren/Repos/carbon/internal/resource/manager.go:66\ncarbon/cmd.rootCmdRun.func1\n\t/home/ren/Repos/carbon/cmd/root.go:143\nruntime.goexit\n\t/usr/lib/golang/src/runtime/asm_amd64.s:1700"
time=2025-09-21T21:54:36.312-05:00 level=INFO msg="refreshing resources cache from remote API..."
time=2025-09-21T21:54:36.312-05:00 level=DEBUG msg="request to external HTTP endpoint" method=GET endpoint="http://localhost:8080/resources?page=1" headers="map[Accept:[*/*] Accept-Encoding:[gzip, deflate, br] Content-Type:[application/x-www-form-urlencoded] User-Agent:[carbon/vdevelop] Xf-Api-Key:[(redacted)]]"
time=2025-09-21T21:54:36.351-05:00 level=ERROR msg="failed to refresh resource cache" error="readObjectStart: expect { or n, but found <, error found in #1 byte of ...|<!DOCTYPE h|..., bigger context ...|<!DOCTYPE html>\n<html id=\"XF\" lang=\"en-US\" dir=\"LTR|...\nremote: could not unmarshal response\ncarbon/remote.(*Response).BindJSON\n\t/home/ren/Repos/carbon/remote/http.go:228\ncarbon/remote.(*client).getResourcesPaged\n\t/home/ren/Repos/carbon/remote/resources.go:211\ncarbon/remote.(*client).GetResources\n\t/home/ren/Repos/carbon/remote/resources.go:31\ncarbon/internal/resource.(*Manager).AsyncRefreshCache\n\t/home/ren/Repos/carbon/internal/resource/manager.go:66\ncarbon/cmd.rootCmdRun.func1\n\t/home/ren/Repos/carbon/cmd/root.go:143\nruntime.goexit\n\t/usr/lib/golang/src/runtime/asm_amd64.s:1700"
time=2025-09-21T21:55:36.351-05:00 level=INFO msg="refreshing resources cache from remote API..."
time=2025-09-21T21:55:36.351-05:00 level=DEBUG msg="request to external HTTP endpoint" method=GET endpoint="http://localhost:8080/resources?page=1" headers="map[Accept:[*/*] Accept-Encoding:[gzip, deflate, br] Content-Type:[application/x-www-form-urlencoded] User-Agent:[carbon/vdevelop] Xf-Api-Key:[(redacted)]]"
time=2025-09-21T21:55:36.381-05:00 level=ERROR msg="failed to refresh resource cache" error="readObjectStart: expect { or n, but found <, error found in #1 byte of ...|<!DOCTYPE h|..., bigger context ...|<!DOCTYPE html>\n<html id=\"XF\" lang=\"en-US\" dir=\"LTR|...\nremote: could not unmarshal response\ncarbon/remote.(*Response).BindJSON\n\t/home/ren/Repos/carbon/remote/http.go:228\ncarbon/remote.(*client).getResourcesPaged\n\t/home/ren/Repos/carbon/remote/resources.go:211\ncarbon/remote.(*client).GetResources\n\t/home/ren/Repos/carbon/remote/resources.go:31\ncarbon/internal/resource.(*Manager).AsyncRefreshCache\n\t/home/ren/Repos/carbon/internal/resource/manager.go:66\ncarbon/cmd.rootCmdRun.func1\n\t/home/ren/Repos/carbon/cmd/root.go:143\nruntime.goexit\n\t/usr/lib/golang/src/runtime/asm_amd64.s:1700"
time=2025-09-21T21:56:36.410-05:00 level=INFO msg="refreshing resources cache from remote API..."
time=2025-09-21T21:56:36.410-05:00 level=DEBUG msg="request to external HTTP endpoint" method=GET endpoint="http://localhost:8080/resources?page=1" headers="map[Accept:[*/*] Accept-Encoding:[gzip, deflate, br] Content-Type:[application/x-www-form-urlencoded] User-Agent:[carbon/vdevelop] Xf-Api-Key:[(redacted)]]"
time=2025-09-21T21:56:36.450-05:00 level=ERROR msg="failed to refresh resource cache" error="readObjectStart: expect { or n, but found <, error found in #1 byte of ...|<!DOCTYPE h|..., bigger context ...|<!DOCTYPE html>\n<html id=\"XF\" lang=\"en-US\" dir=\"LTR|...\nremote: could not unmarshal response\ncarbon/remote.(*Response).BindJSON\n\t/home/ren/Repos/carbon/remote/http.go:228\ncarbon/remote.(*client).getResourcesPaged\n\t/home/ren/Repos/carbon/remote/resources.go:211\ncarbon/remote.(*client).GetResources\n\t/home/ren/Repos/carbon/remote/resources.go:31\ncarbon/internal/resource.(*Manager).AsyncRefreshCache\n\t/home/ren/Repos/carbon/internal/resource/manager.go:66\ncarbon/cmd.rootCmdRun.func1\n\t/home/ren/Repos/carbon/cmd/root.go:143\nruntime.goexit\n\t/usr/lib/golang/src/runtime/asm_amd64.s:1700"
time=2025-09-21T21:57:36.450-05:00 level=INFO msg="refreshing resources cache from remote API..."
time=2025-09-21T21:57:36.450-05:00 level=DEBUG msg="request to external HTTP endpoint" method=GET endpoint="http://localhost:8080/resources?page=1" headers="map[Accept:[*/*] Accept-Encoding:[gzip, deflate, br] Content-Type:[application/x-www-form-urlencoded] User-Agent:[carbon/vdevelop] Xf-Api-Key:[(redacted)]]"
time=2025-09-21T21:57:36.490-05:00 level=ERROR msg="failed to refresh resource cache" error="readObjectStart: expect { or n, but found <, error found in #1 byte of ...|<!DOCTYPE h|..., bigger context ...|<!DOCTYPE html>\n<html id=\"XF\" lang=\"en-US\" dir=\"LTR|...\nremote: could not unmarshal response\ncarbon/remote.(*Response).BindJSON\n\t/home/ren/Repos/carbon/remote/http.go:228\ncarbon/remote.(*client).getResourcesPaged\n\t/home/ren/Repos/carbon/remote/resources.go:211\ncarbon/remote.(*client).GetResources\n\t/home/ren/Repos/carbon/remote/resources.go:31\ncarbon/internal/resource.(*Manager).AsyncRefreshCache\n\t/home/ren/Repos/carbon/internal/resource/manager.go:66\ncarbon/cmd.rootCmdRun.func1\n\t/home/ren/Repos/carbon/cmd/root.go:143\nruntime.goexit\n\t/usr/lib/golang/src/runtime/asm_amd64.s:1700"
time=2025-09-21T21:58:36.548-05:00 level=INFO msg="refreshing resources cache from remote API..."
time=2025-09-21T21:58:36.548-05:00 level=DEBUG msg="request to external HTTP endpoint" method=GET endpoint="http://localhost:8080/resources?page=1" headers="map[Accept:[*/*] Accept-Encoding:[gzip, deflate, br] Content-Type:[application/x-www-form-urlencoded] User-Agent:[carbon/vdevelop] Xf-Api-Key:[(redacted)]]"
time=2025-09-21T21:58:36.590-05:00 level=ERROR msg="failed to refresh resource cache" error="readObjectStart: expect { or n, but found <, error found in #1 byte of ...|<!DOCTYPE h|..., bigger context ...|<!DOCTYPE html>\n<html id=\"XF\" lang=\"en-US\" dir=\"LTR|...\nremote: could not unmarshal response\ncarbon/remote.(*Response).BindJSON\n\t/home/ren/Repos/carbon/remote/http.go:228\ncarbon/remote.(*client).getResourcesPaged\n\t/home/ren/Repos/carbon/remote/resources.go:211\ncarbon/remote.(*client).GetResources\n\t/home/ren/Repos/carbon/remote/resources.go:31\ncarbon/internal/resource.(*Manager).AsyncRefreshCache\n\t/home/ren/Repos/carbon/internal/resource/manager.go:66\ncarbon/cmd.rootCmdRun.func1\n\t/home/ren/Repos/carbon/cmd/root.go:143\nruntime.goexit\n\t/usr/lib/golang/src/runtime/asm_amd64.s:1700"
time=2025-09-21T21:59:36.590-05:00 level=INFO msg="refreshing resources cache from remote API..."
time=2025-09-21T21:59:36.590-05:00 level=DEBUG msg="request to external HTTP endpoint" method=GET endpoint="http://localhost:8080/resources?page=1" headers="map[Accept:[*/*] Accept-Encoding:[gzip, deflate, br] Content-Type:[application/x-www-form-urlencoded] User-Agent:[carbon/vdevelop] Xf-Api-Key:[(redacted)]]"
time=2025-09-21T21:59:36.630-05:00 level=ERROR msg="failed to refresh resource cache" error="readObjectStart: expect { or n, but found <, error found in #1 byte of ...|<!DOCTYPE h|..., bigger context ...|<!DOCTYPE html>\n<html id=\"XF\" lang=\"en-US\" dir=\"LTR|...\nremote: could not unmarshal response\ncarbon/remote.(*Response).BindJSON\n\t/home/ren/Repos/carbon/remote/http.go:228\ncarbon/remote.(*client).getResourcesPaged\n\t/home/ren/Repos/carbon/remote/resources.go:211\ncarbon/remote.(*client).GetResources\n\t/home/ren/Repos/carbon/remote/resources.go:31\ncarbon/internal/resource.(*Manager).AsyncRefreshCache\n\t/home/ren/Repos/carbon/internal/resource/manager.go:66\ncarbon/cmd.rootCmdRun.func1\n\t/home/ren/Repos/carbon/cmd/root.go:143\nruntime.goexit\n\t/usr/lib/golang/src/runtime/asm_amd64.s:1700"
time=2025-09-21T22:00:36.660-05:00 level=INFO msg="refreshing resources cache from remote API..."
time=2025-09-21T22:00:36.660-05:00 level=DEBUG msg="request to external HTTP endpoint" method=GET endpoint="http://localhost:8080/resources?page=1" headers="map[Accept:[*/*] Accept-Encoding:[gzip, deflate, br] Content-Type:[application/x-www-form-urlencoded] User-Agent:[carbon/vdevelop] Xf-Api-Key:[(redacted)]]"
time=2025-09-21T22:00:36.699-05:00 level=ERROR msg="failed to refresh resource cache" error="readObjectStart: expect { or n, but found <, error found in #1 byte of ...|<!DOCTYPE h|..., bigger context ...|<!DOCTYPE html>\n<html id=\"XF\" lang=\"en-US\" dir=\"LTR|...\nremote: could not unmarshal response\ncarbon/remote.(*Response).BindJSON\n\t/home/ren/Repos/carbon/remote/http.go:228\ncarbon/remote.(*client).getResourcesPaged\n\t/home/ren/Repos/carbon/remote/resources.go:211\ncarbon/remote.(*client).GetResources\n\t/home/ren/Repos/carbon/remote/resources.go:31\ncarbon/internal/resource.(*Manager).AsyncRefreshCache\n\t/home/ren/Repos/carbon/internal/resource/manager.go:66\ncarbon/cmd.rootCmdRun.func1\n\t/home/ren/Repos/carbon/cmd/root.go:143\nruntime.goexit\n\t/usr/lib/golang/src/runtime/asm_amd64.s:1700"
time=2025-09-21T22:01:36.700-05:00 level=INFO msg="refreshing resources cache from remote API..."
time=2025-09-21T22:01:36.700-05:00 level=DEBUG msg="request to external HTTP endpoint" method=GET endpoint="http://localhost:8080/resources?page=1" headers="map[Accept:[*/*] Accept-Encoding:[gzip, deflate, br] Content-Type:[application/x-www-form-urlencoded] User-Agent:[carbon/vdevelop] Xf-Api-Key:[(redacted)]]"
time=2025-09-21T22:01:36.737-05:00 level=ERROR msg="failed to refresh resource cache" error="readObjectStart: expect { or n, but found <, error found in #1 byte of ...|<!DOCTYPE h|..., bigger context ...|<!DOCTYPE html>\n<html id=\"XF\" lang=\"en-US\" dir=\"LTR|...\nremote: could not unmarshal response\ncarbon/remote.(*Response).BindJSON\n\t/home/ren/Repos/carbon/remote/http.go:228\ncarbon/remote.(*client).getResourcesPaged\n\t/home/ren/Repos/carbon/remote/resources.go:211\ncarbon/remote.(*client).GetResources\n\t/home/ren/Repos/carbon/remote/resources.go:31\ncarbon/internal/resource.(*Manager).AsyncRefreshCache\n\t/home/ren/Repos/carbon/internal/resource/manager.go:66\ncarbon/cmd.rootCmdRun.func1\n\t/home/ren/Repos/carbon/cmd/root.go:143\nruntime.goexit\n\t/usr/lib/golang/src/runtime/asm_amd64.s:1700"
time=2025-09-21T22:02:36.796-05:00 level=INFO msg="refreshing resources cache from remote API..."
time=2025-09-21T22:02:36.796-05:00 level=DEBUG msg="request to external HTTP endpoint" method=GET endpoint="http://localhost:8080/resources?page=1" headers="map[Accept:[*/*] Accept-Encoding:[gzip, deflate, br] Content-Type:[application/x-www-form-urlencoded] User-Agent:[carbon/vdevelop] Xf-Api-Key:[(redacted)]]"
time=2025-09-21T22:02:36.833-05:00 level=ERROR msg="failed to refresh resource cache" error="readObjectStart: expect { or n, but found <, error found in #1 byte of ...|<!DOCTYPE h|..., bigger context ...|<!DOCTYPE html>\n<html id=\"XF\" lang=\"en-US\" dir=\"LTR|...\nremote: could not unmarshal response\ncarbon/remote.(*Response).BindJSON\n\t/home/ren/Repos/carbon/remote/http.go:228\ncarbon/remote.(*client).getResourcesPaged\n\t/home/ren/Repos/carbon/remote/resources.go:211\ncarbon/remote.(*client).GetResources\n\t/home/ren/Repos/carbon/remote/resources.go:31\ncarbon/internal/resource.(*Manager).AsyncRefreshCache\n\t/home/ren/Repos/carbon/internal/resource/manager.go:66\ncarbon/cmd.rootCmdRun.func1\n\t/home/ren/Repos/carbon/cmd/root.go:143\nruntime.goexit\n\t/usr/lib/golang/src/runtime/asm_amd64.s:1700"
time=2025-09-21T22:03:36.833-05:00 level=INFO msg="refreshing resources cache from remote API..."
time=2025-09-21T22:03:36.833-05:00 level=DEBUG msg="request to external HTTP endpoint" method=GET endpoint="http://localhost:8080/resources?page=1" headers="map[Accept:[*/*] Accept-Encoding:[gzip, deflate, br] Content-Type:[application/x-www-form-urlencoded] User-Agent:[carbon/vdevelop] Xf-Api-Key:[(redacted)]]"
time=2025-09-21T22:03:36.871-05:00 level=ERROR msg="failed to refresh resource cache" error="readObjectStart: expect { or n, but found <, error found in #1 byte of ...|<!DOCTYPE h|..., bigger context ...|<!DOCTYPE html>\n<html id=\"XF\" lang=\"en-US\" dir=\"LTR|...\nremote: could not unmarshal response\ncarbon/remote.(*Response).BindJSON\n\t/home/ren/Repos/carbon/remote/http.go:228\ncarbon/remote.(*client).getResourcesPaged\n\t/home/ren/Repos/carbon/remote/resources.go:211\ncarbon/remote.(*client).GetResources\n\t/home/ren/Repos/carbon/remote/resources.go:31\ncarbon/internal/resource.(*Manager).AsyncRefreshCache\n\t/home/ren/Repos/carbon/internal/resource/manager.go:66\ncarbon/cmd.rootCmdRun.func1\n\t/home/ren/Repos/carbon/cmd/root.go:143\nruntime.goexit\n\t/usr/lib/golang/src/runtime/asm_amd64.s:1700"
time=2025-09-21T22:04:36.880-05:00 level=INFO msg="refreshing resources cache from remote API..."
time=2025-09-21T22:04:36.880-05:00 level=DEBUG msg="request to external HTTP endpoint" method=GET endpoint="http://localhost:8080/resources?page=1" headers="map[Accept:[*/*] Accept-Encoding:[gzip, deflate, br] Content-Type:[application/x-www-form-urlencoded] User-Agent:[carbon/vdevelop] Xf-Api-Key:[(redacted)]]"
time=2025-09-21T22:04:36.917-05:00 level=ERROR msg="failed to refresh resource cache" error="readObjectStart: expect { or n, but found <, error found in #1 byte of ...|<!DOCTYPE h|..., bigger context ...|<!DOCTYPE html>\n<html id=\"XF\" lang=\"en-US\" dir=\"LTR|...\nremote: could not unmarshal response\ncarbon/remote.(*Response).BindJSON\n\t/home/ren/Repos/carbon/remote/http.go:228\ncarbon/remote.(*client).getResourcesPaged\n\t/home/ren/Repos/carbon/remote/resources.go:211\ncarbon/remote.(*client).GetResources\n\t/home/ren/Repos/carbon/remote/resources.go:31\ncarbon/internal/resource.(*Manager).AsyncRefreshCache\n\t/home/ren/Repos/carbon/internal/resource/manager.go:66\ncarbon/cmd.rootCmdRun.func1\n\t/home/ren/Repos/carbon/cmd/root.go:143\nruntime.goexit\n\t/usr/lib/golang/src/runtime/asm_amd64.s:1700"
time=2025-09-21T22:05:36.917-05:00 level=INFO msg="refreshing resources cache from remote API..."
time=2025-09-21T22:05:36.917-05:00 level=DEBUG msg="request to external HTTP endpoint" method=GET endpoint="http://localhost:8080/resources?page=1" headers="map[Accept:[*/*] Accept-Encoding:[gzip, deflate, br] Content-Type:[application/x-www-form-urlencoded] User-Agent:[carbon/vdevelop] Xf-Api-Key:[(redacted)]]"
time=2025-09-21T22:05:36.957-05:00 level=ERROR msg="failed to refresh resource cache" error="readObjectStart: expect { or n, but found <, error found in #1 byte of ...|<!DOCTYPE h|..., bigger context ...|<!DOCTYPE html>\n<html id=\"XF\" lang=\"en-US\" dir=\"LTR|...\nremote: could not unmarshal response\ncarbon/remote.(*Response).BindJSON\n\t/home/ren/Repos/carbon/remote/http.go:228\ncarbon/remote.(*client).getResourcesPaged\n\t/home/ren/Repos/carbon/remote/resources.go:211\ncarbon/remote.(*client).GetResources\n\t/home/ren/Repos/carbon/remote/resources.go:31\ncarbon/internal/resource.(*Manager).AsyncRefreshCache\n\t/home/ren/Repos/carbon/internal/resource/manager.go:66\ncarbon/cmd.rootCmdRun.func1\n\t/home/ren/Repos/carbon/cmd/root.go:143\nruntime.goexit\n\t/usr/lib/golang/src/runtime/asm_amd64.s:1700"
time=2025-09-21T22:06:36.996-05:00 level=INFO msg="refreshing resources cache from remote API..."
time=2025-09-21T22:06:36.996-05:00 level=DEBUG msg="request to external HTTP endpoint" method=GET endpoint="http://localhost:8080/resources?page=1" headers="map[Accept:[*/*] Accept-Encoding:[gzip, deflate, br] Content-Type:[application/x-www-form-urlencoded] User-Agent:[carbon/vdevelop] Xf-Api-Key:[(redacted)]]"
time=2025-09-21T22:06:37.036-05:00 level=ERROR msg="failed to refresh resource cache" error="readObjectStart: expect { or n, but found <, error found in #1 byte of ...|<!DOCTYPE h|..., bigger context ...|<!DOCTYPE html>\n<html id=\"XF\" lang=\"en-US\" dir=\"LTR|...\nremote: could not unmarshal response\ncarbon/remote.(*Response).BindJSON\n\t/home/ren/Repos/carbon/remote/http.go:228\ncarbon/remote.(*client).getResourcesPaged\n\t/home/ren/Repos/carbon/remote/resources.go:211\ncarbon/remote.(*client).GetResources\n\t/home/ren/Repos/carbon/remote/resources.go:31\ncarbon/internal/resource.(*Manager).AsyncRefreshCache\n\t/home/ren/Repos/carbon/internal/resource/manager.go:66\ncarbon/cmd.rootCmdRun.func1\n\t/home/ren/Repos/carbon/cmd/root.go:143\nruntime.goexit\n\t/usr/lib/golang/src/runtime/asm_amd64.s:1700"
time=2025-09-21T22:07:37.036-05:00 level=INFO msg="refreshing resources cache from remote API..."
time=2025-09-21T22:07:37.036-05:00 level=DEBUG msg="request to external HTTP endpoint" method=GET endpoint="http://localhost:8080/resources?page=1" headers="map[Accept:[*/*] Accept-Encoding:[gzip, deflate, br] Content-Type:[application/x-www-form-urlencoded] User-Agent:[carbon/vdevelop] Xf-Api-Key:[(redacted)]]"
time=2025-09-21T22:07:37.074-05:00 level=ERROR msg="failed to refresh resource cache" error="readObjectStart: expect { or n, but found <, error found in #1 byte of ...|<!DOCTYPE h|..., bigger context ...|<!DOCTYPE html>\n<html id=\"XF\" lang=\"en-US\" dir=\"LTR|...\nremote: could not unmarshal response\ncarbon/remote.(*Response).BindJSON\n\t/home/ren/Repos/carbon/remote/http.go:228\ncarbon/remote.(*client).getResourcesPaged\n\t/home/ren/Repos/carbon/remote/resources.go:211\ncarbon/remote.(*client).GetResources\n\t/home/ren/Repos/carbon/remote/resources.go:31\ncarbon/internal/resource.(*Manager).AsyncRefreshCache\n\t/home/ren/Repos/carbon/internal/resource/manager.go:66\ncarbon/cmd.rootCmdRun.func1\n\t/home/ren/Repos/carbon/cmd/root.go:143\nruntime.goexit\n\t/usr/lib/golang/src/runtime/asm_amd64.s:1700"
time=2025-09-21T22:08:37.096-05:00 level=INFO msg="refreshing resources cache from remote API..."
time=2025-09-21T22:08:37.096-05:00 level=DEBUG msg="request to external HTTP endpoint" method=GET endpoint="http://localhost:8080/resources?page=1" headers="map[Accept:[*/*] Accept-Encoding:[gzip, deflate, br] Content-Type:[application/x-www-form-urlencoded] User-Agent:[carbon/vdevelop] Xf-Api-Key:[(redacted)]]"
time=2025-09-21T22:08:37.133-05:00 level=ERROR msg="failed to refresh resource cache" error="readObjectStart: expect { or n, but found <, error found in #1 byte of ...|<!DOCTYPE h|..., bigger context ...|<!DOCTYPE html>\n<html id=\"XF\" lang=\"en-US\" dir=\"LTR|...\nremote: could not unmarshal response\ncarbon/remote.(*Response).BindJSON\n\t/home/ren/Repos/carbon/remote/http.go:228\ncarbon/remote.(*client).getResourcesPaged\n\t/home/ren/Repos/carbon/remote/resources.go:211\ncarbon/remote.(*client).GetResources\n\t/home/ren/Repos/carbon/remote/resources.go:31\ncarbon/internal/resource.(*Manager).AsyncRefreshCache\n\t/home/ren/Repos/carbon/internal/resource/manager.go:66\ncarbon/cmd.rootCmdRun.func1\n\t/home/ren/Repos/carbon/cmd/root.go:143\nruntime.goexit\n\t/usr/lib/golang/src/runtime/asm_amd64.s:1700"
time=2025-09-21T22:09:37.134-05:00 level=INFO msg="refreshing resources cache from remote API..."
time=2025-09-21T22:09:37.134-05:00 level=DEBUG msg="request to external HTTP endpoint" method=GET endpoint="http://localhost:8080/resources?page=1" headers="map[Accept:[*/*] Accept-Encoding:[gzip, deflate, br] Content-Type:[application/x-www-form-urlencoded] User-Agent:[carbon/vdevelop] Xf-Api-Key:[(redacted)]]"
time=2025-09-21T22:09:37.173-05:00 level=ERROR msg="failed to refresh resource cache" error="readObjectStart: expect { or n, but found <, error found in #1 byte of ...|<!DOCTYPE h|..., bigger context ...|<!DOCTYPE html>\n<html id=\"XF\" lang=\"en-US\" dir=\"LTR|...\nremote: could not unmarshal response\ncarbon/remote.(*Response).BindJSON\n\t/home/ren/Repos/carbon/remote/http.go:228\ncarbon/remote.(*client).getResourcesPaged\n\t/home/ren/Repos/carbon/remote/resources.go:211\ncarbon/remote.(*client).GetResources\n\t/home/ren/Repos/carbon/remote/resources.go:31\ncarbon/internal/resource.(*Manager).AsyncRefreshCache\n\t/home/ren/Repos/carbon/internal/resource/manager.go:66\ncarbon/cmd.rootCmdRun.func1\n\t/home/ren/Repos/carbon/cmd/root.go:143\nruntime.goexit\n\t/usr/lib/golang/src/runtime/asm_amd64.s:1700"
time=2025-09-21T22:10:37.202-05:00 level=INFO msg="refreshing resources cache from remote API..."
time=2025-09-21T22:10:37.202-05:00 level=DEBUG msg="request to external HTTP endpoint" method=GET endpoint="http://localhost:8080/resources?page=1" headers="map[Accept:[*/*] Accept-Encoding:[gzip, deflate, br] Content-Type:[application/x-www-form-urlencoded] User-Agent:[carbon/vdevelop] Xf-Api-Key:[(redacted)]]"
time=2025-09-21T22:10:37.240-05:00 level=ERROR msg="failed to refresh resource cache" error="readObjectStart: expect { or n, but found <, error found in #1 byte of ...|<!DOCTYPE h|..., bigger context ...|<!DOCTYPE html>\n<html id=\"XF\" lang=\"en-US\" dir=\"LTR|...\nremote: could not unmarshal response\ncarbon/remote.(*Response).BindJSON\n\t/home/ren/Repos/carbon/remote/http.go:228\ncarbon/remote.(*client).getResourcesPaged\n\t/home/ren/Repos/carbon/remote/resources.go:211\ncarbon/remote.(*client).GetResources\n\t/home/ren/Repos/carbon/remote/resources.go:31\ncarbon/internal/resource.(*Manager).AsyncRefreshCache\n\t/home/ren/Repos/carbon/internal/resource/manager.go:66\ncarbon/cmd.rootCmdRun.func1\n\t/home/ren/Repos/carbon/cmd/root.go:143\nruntime.goexit\n\t/usr/lib/golang/src/runtime/asm_amd64.s:1700"
time=2025-09-21T22:11:37.240-05:00 level=INFO msg="refreshing resources cache from remote API..."
time=2025-09-21T22:11:37.240-05:00 level=DEBUG msg="request to external HTTP endpoint" method=GET endpoint="http://localhost:8080/resources?page=1" headers="map[Accept:[*/*] Accept-Encoding:[gzip, deflate, br] Content-Type:[application/x-www-form-urlencoded] User-Agent:[carbon/vdevelop] Xf-Api-Key:[(redacted)]]"
time=2025-09-21T22:11:37.283-05:00 level=ERROR msg="failed to refresh resource cache" error="readObjectStart: expect { or n, but found <, error found in #1 byte of ...|<!DOCTYPE h|..., bigger context ...|<!DOCTYPE html>\n<html id=\"XF\" lang=\"en-US\" dir=\"LTR|...\nremote: could not unmarshal response\ncarbon/remote.(*Response).BindJSON\n\t/home/ren/Repos/carbon/remote/http.go:228\ncarbon/remote.(*client).getResourcesPaged\n\t/home/ren/Repos/carbon/remote/resources.go:211\ncarbon/remote.(*client).GetResources\n\t/home/ren/Repos/carbon/remote/resources.go:31\ncarbon/internal/resource.(*Manager).AsyncRefreshCache\n\t/home/ren/Repos/carbon/internal/resource/manager.go:66\ncarbon/cmd.rootCmdRun.func1\n\t/home/ren/Repos/carbon/cmd/root.go:143\nruntime.goexit\n\t/usr/lib/golang/src/runtime/asm_amd64.s:1700"
time=2025-09-21T22:12:37.313-05:00 level=INFO msg="refreshing resources cache from remote API..."
time=2025-09-21T22:12:37.313-05:00 level=DEBUG msg="request to external HTTP endpoint" method=GET endpoint="http://localhost:8080/resources?page=1" headers="map[Accept:[*/*] Accept-Encoding:[gzip, deflate, br] Content-Type:[application/x-www-form-urlencoded] User-Agent:[carbon/vdevelop] Xf-Api-Key:[(redacted)]]"
time=2025-09-21T22:12:37.352-05:00 level=ERROR msg="failed to refresh resource cache" error="readObjectStart: expect { or n, but found <, error found in #1 byte of ...|<!DOCTYPE h|..., bigger context ...|<!DOCTYPE html>\n<html id=\"XF\" lang=\"en-US\" dir=\"LTR|...\nremote: could not unmarshal response\ncarbon/remote.(*Response).BindJSON\n\t/home/ren/Repos/carbon/remote/http.go:228\ncarbon/remote.(*client).getResourcesPaged\n\t/home/ren/Repos/carbon/remote/resources.go:211\ncarbon/remote.(*client).GetResources\n\t/home/ren/Repos/carbon/remote/resources.go:31\ncarbon/internal/resource.(*Manager).AsyncRefreshCache\n\t/home/ren/Repos/carbon/internal/resource/manager.go:66\ncarbon/cmd.rootCmdRun.func1\n\t/home/ren/Repos/carbon/cmd/root.go:143\nruntime.goexit\n\t/usr/lib/golang/src/runtime/asm_amd64.s:1700"
time=2025-09-21T22:13:37.352-05:00 level=INFO msg="refreshing resources cache from remote API..."
time=2025-09-21T22:13:37.352-05:00 level=DEBUG msg="request to external HTTP endpoint" method=GET endpoint="http://localhost:8080/resources?page=1" headers="map[Accept:[*/*] Accept-Encoding:[gzip, deflate, br] Content-Type:[application/x-www-form-urlencoded] User-Agent:[carbon/vdevelop] Xf-Api-Key:[(redacted)]]"
time=2025-09-21T22:13:37.390-05:00 level=ERROR msg="failed to refresh resource cache" error="readObjectStart: expect { or n, but found <, error found in #1 byte of ...|<!DOCTYPE h|..., bigger context ...|<!DOCTYPE html>\n<html id=\"XF\" lang=\"en-US\" dir=\"LTR|...\nremote: could not unmarshal response\ncarbon/remote.(*Response).BindJSON\n\t/home/ren/Repos/carbon/remote/http.go:228\ncarbon/remote.(*client).getResourcesPaged\n\t/home/ren/Repos/carbon/remote/resources.go:211\ncarbon/remote.(*client).GetResources\n\t/home/ren/Repos/carbon/remote/resources.go:31\ncarbon/internal/resource.(*Manager).AsyncRefreshCache\n\t/home/ren/Repos/carbon/internal/resource/manager.go:66\ncarbon/cmd.rootCmdRun.func1\n\t/home/ren/Repos/carbon/cmd/root.go:143\nruntime.goexit\n\t/usr/lib/golang/src/runtime/asm_amd64.s:1700"
time=2025-09-21T22:14:37.434-05:00 level=INFO msg="refreshing resources cache from remote API..."
time=2025-09-21T22:14:37.434-05:00 level=DEBUG msg="request to external HTTP endpoint" method=GET endpoint="http://localhost:8080/resources?page=1" headers="map[Accept:[*/*] Accept-Encoding:[gzip, deflate, br] Content-Type:[application/x-www-form-urlencoded] User-Agent:[carbon/vdevelop] Xf-Api-Key:[(redacted)]]"
time=2025-09-21T22:14:37.463-05:00 level=ERROR msg="failed to refresh resource cache" error="readObjectStart: expect { or n, but found <, error found in #1 byte of ...|<!DOCTYPE h|..., bigger context ...|<!DOCTYPE html>\n<html id=\"XF\" lang=\"en-US\" dir=\"LTR|...\nremote: could not unmarshal response\ncarbon/remote.(*Response).BindJSON\n\t/home/ren/Repos/carbon/remote/http.go:228\ncarbon/remote.(*client).getResourcesPaged\n\t/home/ren/Repos/carbon/remote/resources.go:211\ncarbon/remote.(*client).GetResources\n\t/home/ren/Repos/carbon/remote/resources.go:31\ncarbon/internal/resource.(*Manager).AsyncRefreshCache\n\t/home/ren/Repos/carbon/internal/resource/manager.go:66\ncarbon/cmd.rootCmdRun.func1\n\t/home/ren/Repos/carbon/cmd/root.go:143\nruntime.goexit\n\t/usr/lib/golang/src/runtime/asm_amd64.s:1700"
time=2025-09-21T22:15:37.464-05:00 level=INFO msg="refreshing resources cache from remote API..."
time=2025-09-21T22:15:37.464-05:00 level=DEBUG msg="request to external HTTP endpoint" method=GET endpoint="http://localhost:8080/resources?page=1" headers="map[Accept:[*/*] Accept-Encoding:[gzip, deflate, br] Content-Type:[application/x-www-form-urlencoded] User-Agent:[carbon/vdevelop] Xf-Api-Key:[(redacted)]]"
time=2025-09-21T22:15:37.503-05:00 level=ERROR msg="failed to refresh resource cache" error="readObjectStart: expect { or n, but found <, error found in #1 byte of ...|<!DOCTYPE h|..., bigger context ...|<!DOCTYPE html>\n<html id=\"XF\" lang=\"en-US\" dir=\"LTR|...\nremote: could not unmarshal response\ncarbon/remote.(*Response).BindJSON\n\t/home/ren/Repos/carbon/remote/http.go:228\ncarbon/remote.(*client).getResourcesPaged\n\t/home/ren/Repos/carbon/remote/resources.go:211\ncarbon/remote.(*client).GetResources\n\t/home/ren/Repos/carbon/remote/resources.go:31\ncarbon/internal/resource.(*Manager).AsyncRefreshCache\n\t/home/ren/Repos/carbon/internal/resource/manager.go:66\ncarbon/cmd.rootCmdRun.func1\n\t/home/ren/Repos/carbon/cmd/root.go:143\nruntime.goexit\n\t/usr/lib/golang/src/runtime/asm_amd64.s:1700"
time=2025-09-21T22:16:37.534-05:00 level=INFO msg="refreshing resources cache from remote API..."
time=2025-09-21T22:16:37.534-05:00 level=DEBUG msg="request to external HTTP endpoint" method=GET endpoint="http://localhost:8080/resources?page=1" headers="map[Accept:[*/*] Accept-Encoding:[gzip, deflate, br] Content-Type:[application/x-www-form-urlencoded] User-Agent:[carbon/vdevelop] Xf-Api-Key:[(redacted)]]"
time=2025-09-21T22:16:37.572-05:00 level=ERROR msg="failed to refresh resource cache" error="readObjectStart: expect { or n, but found <, error found in #1 byte of ...|<!DOCTYPE h|..., bigger context ...|<!DOCTYPE html>\n<html id=\"XF\" lang=\"en-US\" dir=\"LTR|...\nremote: could not unmarshal response\ncarbon/remote.(*Response).BindJSON\n\t/home/ren/Repos/carbon/remote/http.go:228\ncarbon/remote.(*client).getResourcesPaged\n\t/home/ren/Repos/carbon/remote/resources.go:211\ncarbon/remote.(*client).GetResources\n\t/home/ren/Repos/carbon/remote/resources.go:31\ncarbon/internal/resource.(*Manager).AsyncRefreshCache\n\t/home/ren/Repos/carbon/internal/resource/manager.go:66\ncarbon/cmd.rootCmdRun.func1\n\t/home/ren/Repos/carbon/cmd/root.go:143\nruntime.goexit\n\t/usr/lib/golang/src/runtime/asm_amd64.s:1700"
time=2025-09-21T22:17:37.572-05:00 level=INFO msg="refreshing resources cache from remote API..."
time=2025-09-21T22:17:37.572-05:00 level=DEBUG msg="request to external HTTP endpoint" method=GET endpoint="http://localhost:8080/resources?page=1" headers="map[Accept:[*/*] Accept-Encoding:[gzip, deflate, br] Content-Type:[application/x-www-form-urlencoded] User-Agent:[carbon/vdevelop] Xf-Api-Key:[(redacted)]]"
time=2025-09-21T22:17:37.601-05:00 level=ERROR msg="failed to refresh resource cache" error="readObjectStart: expect { or n, but found <, error found in #1 byte of ...|<!DOCTYPE h|..., bigger context ...|<!DOCTYPE html>\n<html id=\"XF\" lang=\"en-US\" dir=\"LTR|...\nremote: could not unmarshal response\ncarbon/remote.(*Response).BindJSON\n\t/home/ren/Repos/carbon/remote/http.go:228\ncarbon/remote.(*client).getResourcesPaged\n\t/home/ren/Repos/carbon/remote/resources.go:211\ncarbon/remote.(*client).GetResources\n\t/home/ren/Repos/carbon/remote/resources.go:31\ncarbon/internal/resource.(*Manager).AsyncRefreshCache\n\t/home/ren/Repos/carbon/internal/resource/manager.go:66\ncarbon/cmd.rootCmdRun.func1\n\t/home/ren/Repos/carbon/cmd/root.go:143\nruntime.goexit\n\t/usr/lib/golang/src/runtime/asm_amd64.s:1700"
time=2025-09-21T22:18:37.630-05:00 level=INFO msg="refreshing resources cache from remote API..."
time=2025-09-21T22:18:37.630-05:00 level=DEBUG msg="request to external HTTP endpoint" method=GET endpoint="http://localhost:8080/resources?page=1" headers="map[Accept:[*/*] Accept-Encoding:[gzip, deflate, br] Content-Type:[application/x-www-form-urlencoded] User-Agent:[carbon/vdevelop] Xf-Api-Key:[(redacted)]]"
time=2025-09-21T22:18:37.671-05:00 level=ERROR msg="failed to refresh resource cache" error="readObjectStart: expect { or n, but found <, error found in #1 byte of ...|<!DOCTYPE h|..., bigger context ...|<!DOCTYPE html>\n<html id=\"XF\" lang=\"en-US\" dir=\"LTR|...\nremote: could not unmarshal response\ncarbon/remote.(*Response).BindJSON\n\t/home/ren/Repos/carbon/remote/http.go:228\ncarbon/remote.(*client).getResourcesPaged\n\t/home/ren/Repos/carbon/remote/resources.go:211\ncarbon/remote.(*client).GetResources\n\t/home/ren/Repos/carbon/remote/resources.go:31\ncarbon/internal/resource.(*Manager).AsyncRefreshCache\n\t/home/ren/Repos/carbon/internal/resource/manager.go:66\ncarbon/cmd.rootCmdRun.func1\n\t/home/ren/Repos/carbon/cmd/root.go:143\nruntime.goexit\n\t/usr/lib/golang/src/runtime/asm_amd64.s:1700"
time=2025-09-21T22:19:37.671-05:00 level=INFO msg="refreshing resources cache from remote API..."
time=2025-09-21T22:19:37.671-05:00 level=DEBUG msg="request to external HTTP endpoint" method=GET endpoint="http://localhost:8080/resources?page=1" headers="map[Accept:[*/*] Accept-Encoding:[gzip, deflate, br] Content-Type:[application/x-www-form-urlencoded] User-Agent:[carbon/vdevelop] Xf-Api-Key:[(redacted)]]"
time=2025-09-21T22:19:37.698-05:00 level=ERROR msg="failed to refresh resource cache" error="readObjectStart: expect { or n, but found <, error found in #1 byte of ...|<!DOCTYPE h|..., bigger context ...|<!DOCTYPE html>\n<html id=\"XF\" lang=\"en-US\" dir=\"LTR|...\nremote: could not unmarshal response\ncarbon/remote.(*Response).BindJSON\n\t/home/ren/Repos/carbon/remote/http.go:228\ncarbon/remote.(*client).getResourcesPaged\n\t/home/ren/Repos/carbon/remote/resources.go:211\ncarbon/remote.(*client).GetResources\n\t/home/ren/Repos/carbon/remote/resources.go:31\ncarbon/internal/resource.(*Manager).AsyncRefreshCache\n\t/home/ren/Repos/carbon/internal/resource/manager.go:66\ncarbon/cmd.rootCmdRun.func1\n\t/home/ren/Repos/carbon/cmd/root.go:143\nruntime.goexit\n\t/usr/lib/golang/src/runtime/asm_amd64.s:1700"
time=2025-09-21T22:20:37.727-05:00 level=INFO msg="refreshing resources cache from remote API..."
time=2025-09-21T22:20:37.727-05:00 level=DEBUG msg="request to external HTTP endpoint" method=GET endpoint="http://localhost:8080/resources?page=1" headers="map[Accept:[*/*] Accept-Encoding:[gzip, deflate, br] Content-Type:[application/x-www-form-urlencoded] User-Agent:[carbon/vdevelop] Xf-Api-Key:[(redacted)]]"
time=2025-09-21T22:20:37.765-05:00 level=ERROR msg="failed to refresh resource cache" error="readObjectStart: expect { or n, but found <, error found in #1 byte of ...|<!DOCTYPE h|..., bigger context ...|<!DOCTYPE html>\n<html id=\"XF\" lang=\"en-US\" dir=\"LTR|...\nremote: could not unmarshal response\ncarbon/remote.(*Response).BindJSON\n\t/home/ren/Repos/carbon/remote/http.go:228\ncarbon/remote.(*client).getResourcesPaged\n\t/home/ren/Repos/carbon/remote/resources.go:211\ncarbon/remote.(*client).GetResources\n\t/home/ren/Repos/carbon/remote/resources.go:31\ncarbon/internal/resource.(*Manager).AsyncRefreshCache\n\t/home/ren/Repos/carbon/internal/resource/manager.go:66\ncarbon/cmd.rootCmdRun.func1\n\t/home/ren/Repos/carbon/cmd/root.go:143\nruntime.goexit\n\t/usr/lib/golang/src/runtime/asm_amd64.s:1700"
time=2025-09-21T22:21:37.765-05:00 level=INFO msg="refreshing resources cache from remote API..."
time=2025-09-21T22:21:37.765-05:00 level=DEBUG msg="request to external HTTP endpoint" method=GET endpoint="http://localhost:8080/resources?page=1" headers="map[Accept:[*/*] Accept-Encoding:[gzip, deflate, br] Content-Type:[application/x-www-form-urlencoded] User-Agent:[carbon/vdevelop] Xf-Api-Key:[(redacted)]]"
time=2025-09-21T22:21:37.803-05:00 level=ERROR msg="failed to refresh resource cache" error="readObjectStart: expect { or n, but found <, error found in #1 byte of ...|<!DOCTYPE h|..., bigger context ...|<!DOCTYPE html>\n<html id=\"XF\" lang=\"en-US\" dir=\"LTR|...\nremote: could not unmarshal response\ncarbon/remote.(*Response).BindJSON\n\t/home/ren/Repos/carbon/remote/http.go:228\ncarbon/remote.(*client).getResourcesPaged\n\t/home/ren/Repos/carbon/remote/resources.go:211\ncarbon/remote.(*client).GetResources\n\t/home/ren/Repos/carbon/remote/resources.go:31\ncarbon/internal/resource.(*Manager).AsyncRefreshCache\n\t/home/ren/Repos/carbon/internal/resource/manager.go:66\ncarbon/cmd.rootCmdRun.func1\n\t/home/ren/Repos/carbon/cmd/root.go:143\nruntime.goexit\n\t/usr/lib/golang/src/runtime/asm_amd64.s:1700"
time=2025-09-21T22:22:37.806-05:00 level=INFO msg="refreshing resources cache from remote API..."
time=2025-09-21T22:22:37.806-05:00 level=DEBUG msg="request to external HTTP endpoint" method=GET endpoint="http://localhost:8080/resources?page=1" headers="map[Accept:[*/*] Accept-Encoding:[gzip, deflate, br] Content-Type:[application/x-www-form-urlencoded] User-Agent:[carbon/vdevelop] Xf-Api-Key:[(redacted)]]"
time=2025-09-21T22:22:37.844-05:00 level=ERROR msg="failed to refresh resource cache" error="readObjectStart: expect { or n, but found <, error found in #1 byte of ...|<!DOCTYPE h|..., bigger context ...|<!DOCTYPE html>\n<html id=\"XF\" lang=\"en-US\" dir=\"LTR|...\nremote: could not unmarshal response\ncarbon/remote.(*Response).BindJSON\n\t/home/ren/Repos/carbon/remote/http.go:228\ncarbon/remote.(*client).getResourcesPaged\n\t/home/ren/Repos/carbon/remote/resources.go:211\ncarbon/remote.(*client).GetResources\n\t/home/ren/Repos/carbon/remote/resources.go:31\ncarbon/internal/resource.(*Manager).AsyncRefreshCache\n\t/home/ren/Repos/carbon/internal/resource/manager.go:66\ncarbon/cmd.rootCmdRun.func1\n\t/home/ren/Repos/carbon/cmd/root.go:143\nruntime.goexit\n\t/usr/lib/golang/src/runtime/asm_amd64.s:1700"
time=2025-09-21T22:23:37.844-05:00 level=INFO msg="refreshing resources cache from remote API..."
time=2025-09-21T22:23:37.845-05:00 level=DEBUG msg="request to external HTTP endpoint" method=GET endpoint="http://localhost:8080/resources?page=1" headers="map[Accept:[*/*] Accept-Encoding:[gzip, deflate, br] Content-Type:[application/x-www-form-urlencoded] User-Agent:[carbon/vdevelop] Xf-Api-Key:[(redacted)]]"
time=2025-09-21T22:23:37.883-05:00 level=ERROR msg="failed to refresh resource cache" error="readObjectStart: expect { or n, but found <, error found in #1 byte of ...|<!DOCTYPE h|..., bigger context ...|<!DOCTYPE html>\n<html id=\"XF\" lang=\"en-US\" dir=\"LTR|...\nremote: could not unmarshal response\ncarbon/remote.(*Response).BindJSON\n\t/home/ren/Repos/carbon/remote/http.go:228\ncarbon/remote.(*client).getResourcesPaged\n\t/home/ren/Repos/carbon/remote/resources.go:211\ncarbon/remote.(*client).GetResources\n\t/home/ren/Repos/carbon/remote/resources.go:31\ncarbon/internal/resource.(*Manager).AsyncRefreshCache\n\t/home/ren/Repos/carbon/internal/resource/manager.go:66\ncarbon/cmd.rootCmdRun.func1\n\t/home/ren/Repos/carbon/cmd/root.go:143\nruntime.goexit\n\t/usr/lib/golang/src/runtime/asm_amd64.s:1700"
time=2025-09-21T22:24:37.885-05:00 level=INFO msg="refreshing resources cache from remote API..."
time=2025-09-21T22:24:37.886-05:00 level=DEBUG msg="request to external HTTP endpoint" method=GET endpoint="http://localhost:8080/resources?page=1" headers="map[Accept:[*/*] Accept-Encoding:[gzip, deflate, br] Content-Type:[application/x-www-form-urlencoded] User-Agent:[carbon/vdevelop] Xf-Api-Key:[(redacted)]]"
time=2025-09-21T22:24:37.923-05:00 level=ERROR msg="failed to refresh resource cache" error="readObjectStart: expect { or n, but found <, error found in #1 byte of ...|<!DOCTYPE h|..., bigger context ...|<!DOCTYPE html>\n<html id=\"XF\" lang=\"en-US\" dir=\"LTR|...\nremote: could not unmarshal response\ncarbon/remote.(*Response).BindJSON\n\t/home/ren/Repos/carbon/remote/http.go:228\ncarbon/remote.(*client).getResourcesPaged\n\t/home/ren/Repos/carbon/remote/resources.go:211\ncarbon/remote.(*client).GetResources\n\t/home/ren/Repos/carbon/remote/resources.go:31\ncarbon/internal/resource.(*Manager).AsyncRefreshCache\n\t/home/ren/Repos/carbon/internal/resource/manager.go:66\ncarbon/cmd.rootCmdRun.func1\n\t/home/ren/Repos/carbon/cmd/root.go:143\nruntime.goexit\n\t/usr/lib/golang/src/runtime/asm_amd64.s:1700"
time=2025-09-21T22:25:37.923-05:00 level=INFO msg="refreshing resources cache from remote API..."
time=2025-09-21T22:25:37.923-05:00 level=DEBUG msg="request to external HTTP endpoint" method=GET endpoint="http://localhost:8080/resources?page=1" headers="map[Accept:[*/*] Accept-Encoding:[gzip, deflate, br] Content-Type:[application/x-www-form-urlencoded] User-Agent:[carbon/vdevelop] Xf-Api-Key:[(redacted)]]"
time=2025-09-21T22:25:37.962-05:00 level=ERROR msg="failed to refresh resource cache" error="readObjectStart: expect { or n, but found <, error found in #1 byte of ...|<!DOCTYPE h|..., bigger context ...|<!DOCTYPE html>\n<html id=\"XF\" lang=\"en-US\" dir=\"LTR|...\nremote: could not unmarshal response\ncarbon/remote.(*Response).BindJSON\n\t/home/ren/Repos/carbon/remote/http.go:228\ncarbon/remote.(*client).getResourcesPaged\n\t/home/ren/Repos/carbon/remote/resources.go:211\ncarbon/remote.(*client).GetResources\n\t/home/ren/Repos/carbon/remote/resources.go:31\ncarbon/internal/resource.(*Manager).AsyncRefreshCache\n\t/home/ren/Repos/carbon/internal/resource/manager.go:66\ncarbon/cmd.rootCmdRun.func1\n\t/home/ren/Repos/carbon/cmd/root.go:143\nruntime.goexit\n\t/usr/lib/golang/src/runtime/asm_amd64.s:1700"
time=2025-09-21T22:26:37.964-05:00 level=INFO msg="refreshing resources cache from remote API..."
time=2025-09-21T22:26:37.965-05:00 level=DEBUG msg="request to external HTTP endpoint" method=GET endpoint="http://localhost:8080/resources?page=1" headers="map[Accept:[*/*] Accept-Encoding:[gzip, deflate, br] Content-Type:[application/x-www-form-urlencoded] User-Agent:[carbon/vdevelop] Xf-Api-Key:[(redacted)]]"
time=2025-09-21T22:26:37.992-05:00 level=ERROR msg="failed to refresh resource cache" error="readObjectStart: expect { or n, but found <, error found in #1 byte of ...|<!DOCTYPE h|..., bigger context ...|<!DOCTYPE html>\n<html id=\"XF\" lang=\"en-US\" dir=\"LTR|...\nremote: could not unmarshal response\ncarbon/remote.(*Response).BindJSON\n\t/home/ren/Repos/carbon/remote/http.go:228\ncarbon/remote.(*client).getResourcesPaged\n\t/home/ren/Repos/carbon/remote/resources.go:211\ncarbon/remote.(*client).GetResources\n\t/home/ren/Repos/carbon/remote/resources.go:31\ncarbon/internal/resource.(*Manager).AsyncRefreshCache\n\t/home/ren/Repos/carbon/internal/resource/manager.go:66\ncarbon/cmd.rootCmdRun.func1\n\t/home/ren/Repos/carbon/cmd/root.go:143\nruntime.goexit\n\t/usr/lib/golang/src/runtime/asm_amd64.s:1700"
time=2025-09-21T22:27:37.993-05:00 level=INFO msg="refreshing resources cache from remote API..."
time=2025-09-21T22:27:37.993-05:00 level=DEBUG msg="request to external HTTP endpoint" method=GET endpoint="http://localhost:8080/resources?page=1" headers="map[Accept:[*/*] Accept-Encoding:[gzip, deflate, br] Content-Type:[application/x-www-form-urlencoded] User-Agent:[carbon/vdevelop] Xf-Api-Key:[(redacted)]]"
time=2025-09-21T22:27:38.031-05:00 level=ERROR msg="failed to refresh resource cache" error="readObjectStart: expect { or n, but found <, error found in #1 byte of ...|<!DOCTYPE h|..., bigger context ...|<!DOCTYPE html>\n<html id=\"XF\" lang=\"en-US\" dir=\"LTR|...\nremote: could not unmarshal response\ncarbon/remote.(*Response).BindJSON\n\t/home/ren/Repos/carbon/remote/http.go:228\ncarbon/remote.(*client).getResourcesPaged\n\t/home/ren/Repos/carbon/remote/resources.go:211\ncarbon/remote.(*client).GetResources\n\t/home/ren/Repos/carbon/remote/resources.go:31\ncarbon/internal/resource.(*Manager).AsyncRefreshCache\n\t/home/ren/Repos/carbon/internal/resource/manager.go:66\ncarbon/cmd.rootCmdRun.func1\n\t/home/ren/Repos/carbon/cmd/root.go:143\nruntime.goexit\n\t/usr/lib/golang/src/runtime/asm_amd64.s:1700"
time=2025-09-21T22:28:38.033-05:00 level=INFO msg="refreshing resources cache from remote API..."
time=2025-09-21T22:28:38.033-05:00 level=DEBUG msg="request to external HTTP endpoint" method=GET endpoint="http://localhost:8080/resources?page=1" headers="map[Accept:[*/*] Accept-Encoding:[gzip, deflate, br] Content-Type:[application/x-www-form-urlencoded] User-Agent:[carbon/vdevelop] Xf-Api-Key:[(redacted)]]"
time=2025-09-21T22:28:38.071-05:00 level=ERROR msg="failed to refresh resource cache" error="readObjectStart: expect { or n, but found <, error found in #1 byte of ...|<!DOCTYPE h|..., bigger context ...|<!DOCTYPE html>\n<html id=\"XF\" lang=\"en-US\" dir=\"LTR|...\nremote: could not unmarshal response\ncarbon/remote.(*Response).BindJSON\n\t/home/ren/Repos/carbon/remote/http.go:228\ncarbon/remote.(*client).getResourcesPaged\n\t/home/ren/Repos/carbon/remote/resources.go:211\ncarbon/remote.(*client).GetResources\n\t/home/ren/Repos/carbon/remote/resources.go:31\ncarbon/internal/resource.(*Manager).AsyncRefreshCache\n\t/home/ren/Repos/carbon/internal/resource/manager.go:66\ncarbon/cmd.rootCmdRun.func1\n\t/home/ren/Repos/carbon/cmd/root.go:143\nruntime.goexit\n\t/usr/lib/golang/src/runtime/asm_amd64.s:1700"
time=2025-09-21T22:29:38.071-05:00 level=INFO msg="refreshing resources cache from remote API..."
time=2025-09-21T22:29:38.071-05:00 level=DEBUG msg="request to external HTTP endpoint" method=GET endpoint="http://localhost:8080/resources?page=1" headers="map[Accept:[*/*] Accept-Encoding:[gzip, deflate, br] Content-Type:[application/x-www-form-urlencoded] User-Agent:[carbon/vdevelop] Xf-Api-Key:[(redacted)]]"
time=2025-09-21T22:29:38.109-05:00 level=ERROR msg="failed to refresh resource cache" error="readObjectStart: expect { or n, but found <, error found in #1 byte of ...|<!DOCTYPE h|..., bigger context ...|<!DOCTYPE html>\n<html id=\"XF\" lang=\"en-US\" dir=\"LTR|...\nremote: could not unmarshal response\ncarbon/remote.(*Response).BindJSON\n\t/home/ren/Repos/carbon/remote/http.go:228\ncarbon/remote.(*client).getResourcesPaged\n\t/home/ren/Repos/carbon/remote/resources.go:211\ncarbon/remote.(*client).GetResources\n\t/home/ren/Repos/carbon/remote/resources.go:31\ncarbon/internal/resource.(*Manager).AsyncRefreshCache\n\t/home/ren/Repos/carbon/internal/resource/manager.go:66\ncarbon/cmd.rootCmdRun.func1\n\t/home/ren/Repos/carbon/cmd/root.go:143\nruntime.goexit\n\t/usr/lib/golang/src/runtime/asm_amd64.s:1700"
time=2025-09-21T22:30:38.111-05:00 level=INFO msg="refreshing resources cache from remote API..."
time=2025-09-21T22:30:38.111-05:00 level=DEBUG msg="request to external HTTP endpoint" method=GET endpoint="http://localhost:8080/resources?page=1" headers="map[Accept:[*/*] Accept-Encoding:[gzip, deflate, br] Content-Type:[application/x-www-form-urlencoded] User-Agent:[carbon/vdevelop] Xf-Api-Key:[(redacted)]]"
time=2025-09-21T22:30:38.148-05:00 level=ERROR msg="failed to refresh resource cache" error="readObjectStart: expect { or n, but found <, error found in #1 byte of ...|<!DOCTYPE h|..., bigger context ...|<!DOCTYPE html>\n<html id=\"XF\" lang=\"en-US\" dir=\"LTR|...\nremote: could not unmarshal response\ncarbon/remote.(*Response).BindJSON\n\t/home/ren/Repos/carbon/remote/http.go:228\ncarbon/remote.(*client).getResourcesPaged\n\t/home/ren/Repos/carbon/remote/resources.go:211\ncarbon/remote.(*client).GetResources\n\t/home/ren/Repos/carbon/remote/resources.go:31\ncarbon/internal/resource.(*Manager).AsyncRefreshCache\n\t/home/ren/Repos/carbon/internal/resource/manager.go:66\ncarbon/cmd.rootCmdRun.func1\n\t/home/ren/Repos/carbon/cmd/root.go:143\nruntime.goexit\n\t/usr/lib/golang/src/runtime/asm_amd64.s:1700"
time=2025-09-21T22:31:38.149-05:00 level=INFO msg="refreshing resources cache from remote API..."
time=2025-09-21T22:31:38.149-05:00 level=DEBUG msg="request to external HTTP endpoint" method=GET endpoint="http://localhost:8080/resources?page=1" headers="map[Accept:[*/*] Accept-Encoding:[gzip, deflate, br] Content-Type:[application/x-www-form-urlencoded] User-Agent:[carbon/vdevelop] Xf-Api-Key:[(redacted)]]"
time=2025-09-21T22:31:38.186-05:00 level=ERROR msg="failed to refresh resource cache" error="readObjectStart: expect { or n, but found <, error found in #1 byte of ...|<!DOCTYPE h|..., bigger context ...|<!DOCTYPE html>\n<html id=\"XF\" lang=\"en-US\" dir=\"LTR|...\nremote: could not unmarshal response\ncarbon/remote.(*Response).BindJSON\n\t/home/ren/Repos/carbon/remote/http.go:228\ncarbon/remote.(*client).getResourcesPaged\n\t/home/ren/Repos/carbon/remote/resources.go:211\ncarbon/remote.(*client).GetResources\n\t/home/ren/Repos/carbon/remote/resources.go:31\ncarbon/internal/resource.(*Manager).AsyncRefreshCache\n\t/home/ren/Repos/carbon/internal/resource/manager.go:66\ncarbon/cmd.rootCmdRun.func1\n\t/home/ren/Repos/carbon/cmd/root.go:143\nruntime.goexit\n\t/usr/lib/golang/src/runtime/asm_amd64.s:1700"
time=2025-09-21T22:32:38.189-05:00 level=INFO msg="refreshing resources cache from remote API..."
time=2025-09-21T22:32:38.189-05:00 level=DEBUG msg="request to external HTTP endpoint" method=GET endpoint="http://localhost:8080/resources?page=1" headers="map[Accept:[*/*] Accept-Encoding:[gzip, deflate, br] Content-Type:[application/x-www-form-urlencoded] User-Agent:[carbon/vdevelop] Xf-Api-Key:[(redacted)]]"
time=2025-09-21T22:32:38.227-05:00 level=ERROR msg="failed to refresh resource cache" error="readObjectStart: expect { or n, but found <, error found in #1 byte of ...|<!DOCTYPE h|..., bigger context ...|<!DOCTYPE html>\n<html id=\"XF\" lang=\"en-US\" dir=\"LTR|...\nremote: could not unmarshal response\ncarbon/remote.(*Response).BindJSON\n\t/home/ren/Repos/carbon/remote/http.go:228\ncarbon/remote.(*client).getResourcesPaged\n\t/home/ren/Repos/carbon/remote/resources.go:211\ncarbon/remote.(*client).GetResources\n\t/home/ren/Repos/carbon/remote/resources.go:31\ncarbon/internal/resource.(*Manager).AsyncRefreshCache\n\t/home/ren/Repos/carbon/internal/resource/manager.go:66\ncarbon/cmd.rootCmdRun.func1\n\t/home/ren/Repos/carbon/cmd/root.go:143\nruntime.goexit\n\t/usr/lib/golang/src/runtime/asm_amd64.s:1700"
time=2025-09-21T22:33:38.227-05:00 level=INFO msg="refreshing resources cache from remote API..."
time=2025-09-21T22:33:38.227-05:00 level=DEBUG msg="request to external HTTP endpoint" method=GET endpoint="http://localhost:8080/resources?page=1" headers="map[Accept:[*/*] Accept-Encoding:[gzip, deflate, br] Content-Type:[application/x-www-form-urlencoded] User-Agent:[carbon/vdevelop] Xf-Api-Key:[(redacted)]]"
time=2025-09-21T22:33:38.265-05:00 level=ERROR msg="failed to refresh resource cache" error="readObjectStart: expect { or n, but found <, error found in #1 byte of ...|<!DOCTYPE h|..., bigger context ...|<!DOCTYPE html>\n<html id=\"XF\" lang=\"en-US\" dir=\"LTR|...\nremote: could not unmarshal response\ncarbon/remote.(*Response).BindJSON\n\t/home/ren/Repos/carbon/remote/http.go:228\ncarbon/remote.(*client).getResourcesPaged\n\t/home/ren/Repos/carbon/remote/resources.go:211\ncarbon/remote.(*client).GetResources\n\t/home/ren/Repos/carbon/remote/resources.go:31\ncarbon/internal/resource.(*Manager).AsyncRefreshCache\n\t/home/ren/Repos/carbon/internal/resource/manager.go:66\ncarbon/cmd.rootCmdRun.func1\n\t/home/ren/Repos/carbon/cmd/root.go:143\nruntime.goexit\n\t/usr/lib/golang/src/runtime/asm_amd64.s:1700"
time=2025-09-21T22:34:38.267-05:00 level=INFO msg="refreshing resources cache from remote API..."
time=2025-09-21T22:34:38.267-05:00 level=DEBUG msg="request to external HTTP endpoint" method=GET endpoint="http://localhost:8080/resources?page=1" headers="map[Accept:[*/*] Accept-Encoding:[gzip, deflate, br] Content-Type:[application/x-www-form-urlencoded] User-Agent:[carbon/vdevelop] Xf-Api-Key:[(redacted)]]"
time=2025-09-21T22:34:38.308-05:00 level=ERROR msg="failed to refresh resource cache" error="readObjectStart: expect { or n, but found <, error found in #1 byte of ...|<!DOCTYPE h|..., bigger context ...|<!DOCTYPE html>\n<html id=\"XF\" lang=\"en-US\" dir=\"LTR|...\nremote: could not unmarshal response\ncarbon/remote.(*Response).BindJSON\n\t/home/ren/Repos/carbon/remote/http.go:228\ncarbon/remote.(*client).getResourcesPaged\n\t/home/ren/Repos/carbon/remote/resources.go:211\ncarbon/remote.(*client).GetResources\n\t/home/ren/Repos/carbon/remote/resources.go:31\ncarbon/internal/resource.(*Manager).AsyncRefreshCache\n\t/home/ren/Repos/carbon/internal/resource/manager.go:66\ncarbon/cmd.rootCmdRun.func1\n\t/home/ren/Repos/carbon/cmd/root.go:143\nruntime.goexit\n\t/usr/lib/golang/src/runtime/asm_amd64.s:1700"
time=2025-09-21T22:35:38.308-05:00 level=INFO msg="refreshing resources cache from remote API..."
time=2025-09-21T22:35:38.309-05:00 level=DEBUG msg="request to external HTTP endpoint" method=GET endpoint="http://localhost:8080/resources?page=1" headers="map[Accept:[*/*] Accept-Encoding:[gzip, deflate, br] Content-Type:[application/x-www-form-urlencoded] User-Agent:[carbon/vdevelop] Xf-Api-Key:[(redacted)]]"
time=2025-09-21T22:35:38.347-05:00 level=ERROR msg="failed to refresh resource cache" error="readObjectStart: expect { or n, but found <, error found in #1 byte of ...|<!DOCTYPE h|..., bigger context ...|<!DOCTYPE html>\n<html id=\"XF\" lang=\"en-US\" dir=\"LTR|...\nremote: could not unmarshal response\ncarbon/remote.(*Response).BindJSON\n\t/home/ren/Repos/carbon/remote/http.go:228\ncarbon/remote.(*client).getResourcesPaged\n\t/home/ren/Repos/carbon/remote/resources.go:211\ncarbon/remote.(*client).GetResources\n\t/home/ren/Repos/carbon/remote/resources.go:31\ncarbon/internal/resource.(*Manager).AsyncRefreshCache\n\t/home/ren/Repos/carbon/internal/resource/manager.go:66\ncarbon/cmd.rootCmdRun.func1\n\t/home/ren/Repos/carbon/cmd/root.go:143\nruntime.goexit\n\t/usr/lib/golang/src/runtime/asm_amd64.s:1700"
time=2025-09-21T22:36:38.349-05:00 level=INFO msg="refreshing resources cache from remote API..."
time=2025-09-21T22:36:38.349-05:00 level=DEBUG msg="request to external HTTP endpoint" method=GET endpoint="http://localhost:8080/resources?page=1" headers="map[Accept:[*/*] Accept-Encoding:[gzip, deflate, br] Content-Type:[application/x-www-form-urlencoded] User-Agent:[carbon/vdevelop] Xf-Api-Key:[(redacted)]]"
time=2025-09-21T22:36:38.386-05:00 level=ERROR msg="failed to refresh resource cache" error="readObjectStart: expect { or n, but found <, error found in #1 byte of ...|<!DOCTYPE h|..., bigger context ...|<!DOCTYPE html>\n<html id=\"XF\" lang=\"en-US\" dir=\"LTR|...\nremote: could not unmarshal response\ncarbon/remote.(*Response).BindJSON\n\t/home/ren/Repos/carbon/remote/http.go:228\ncarbon/remote.(*client).getResourcesPaged\n\t/home/ren/Repos/carbon/remote/resources.go:211\ncarbon/remote.(*client).GetResources\n\t/home/ren/Repos/carbon/remote/resources.go:31\ncarbon/internal/resource.(*Manager).AsyncRefreshCache\n\t/home/ren/Repos/carbon/internal/resource/manager.go:66\ncarbon/cmd.rootCmdRun.func1\n\t/home/ren/Repos/carbon/cmd/root.go:143\nruntime.goexit\n\t/usr/lib/golang/src/runtime/asm_amd64.s:1700"
time=2025-09-21T22:37:38.386-05:00 level=INFO msg="refreshing resources cache from remote API..."
time=2025-09-21T22:37:38.387-05:00 level=DEBUG msg="request to external HTTP endpoint" method=GET endpoint="http://localhost:8080/resources?page=1" headers="map[Accept:[*/*] Accept-Encoding:[gzip, deflate, br] Content-Type:[application/x-www-form-urlencoded] User-Agent:[carbon/vdevelop] Xf-Api-Key:[(redacted)]]"
time=2025-09-21T22:37:38.426-05:00 level=ERROR msg="failed to refresh resource cache" error="readObjectStart: expect { or n, but found <, error found in #1 byte of ...|<!DOCTYPE h|..., bigger context ...|<!DOCTYPE html>\n<html id=\"XF\" lang=\"en-US\" dir=\"LTR|...\nremote: could not unmarshal response\ncarbon/remote.(*Response).BindJSON\n\t/home/ren/Repos/carbon/remote/http.go:228\ncarbon/remote.(*client).getResourcesPaged\n\t/home/ren/Repos/carbon/remote/resources.go:211\ncarbon/remote.(*client).GetResources\n\t/home/ren/Repos/carbon/remote/resources.go:31\ncarbon/internal/resource.(*Manager).AsyncRefreshCache\n\t/home/ren/Repos/carbon/internal/resource/manager.go:66\ncarbon/cmd.rootCmdRun.func1\n\t/home/ren/Repos/carbon/cmd/root.go:143\nruntime.goexit\n\t/usr/lib/golang/src/runtime/asm_amd64.s:1700"
time=2025-09-21T22:38:38.427-05:00 level=INFO msg="refreshing resources cache from remote API..."
time=2025-09-21T22:38:38.427-05:00 level=DEBUG msg="request to external HTTP endpoint" method=GET endpoint="http://localhost:8080/resources?page=1" headers="map[Accept:[*/*] Accept-Encoding:[gzip, deflate, br] Content-Type:[application/x-www-form-urlencoded] User-Agent:[carbon/vdevelop] Xf-Api-Key:[(redacted)]]"
time=2025-09-21T22:38:38.465-05:00 level=ERROR msg="failed to refresh resource cache" error="readObjectStart: expect { or n, but found <, error found in #1 byte of ...|<!DOCTYPE h|..., bigger context ...|<!DOCTYPE html>\n<html id=\"XF\" lang=\"en-US\" dir=\"LTR|...\nremote: could not unmarshal response\ncarbon/remote.(*Response).BindJSON\n\t/home/ren/Repos/carbon/remote/http.go:228\ncarbon/remote.(*client).getResourcesPaged\n\t/home/ren/Repos/carbon/remote/resources.go:211\ncarbon/remote.(*client).GetResources\n\t/home/ren/Repos/carbon/remote/resources.go:31\ncarbon/internal/resource.(*Manager).AsyncRefreshCache\n\t/home/ren/Repos/carbon/internal/resource/manager.go:66\ncarbon/cmd.rootCmdRun.func1\n\t/home/ren/Repos/carbon/cmd/root.go:143\nruntime.goexit\n\t/usr/lib/golang/src/runtime/asm_amd64.s:1700"
time=2025-09-21T22:39:38.465-05:00 level=INFO msg="refreshing resources cache from remote API..."
time=2025-09-21T22:39:38.465-05:00 level=DEBUG msg="request to external HTTP endpoint" method=GET endpoint="http://localhost:8080/resources?page=1" headers="map[Accept:[*/*] Accept-Encoding:[gzip, deflate, br] Content-Type:[application/x-www-form-urlencoded] User-Agent:[carbon/vdevelop] Xf-Api-Key:[(redacted)]]"
time=2025-09-21T22:39:38.502-05:00 level=ERROR msg="failed to refresh resource cache" error="readObjectStart: expect { or n, but found <, error found in #1 byte of ...|<!DOCTYPE h|..., bigger context ...|<!DOCTYPE html>\n<html id=\"XF\" lang=\"en-US\" dir=\"LTR|...\nremote: could not unmarshal response\ncarbon/remote.(*Response).BindJSON\n\t/home/ren/Repos/carbon/remote/http.go:228\ncarbon/remote.(*client).getResourcesPaged\n\t/home/ren/Repos/carbon/remote/resources.go:211\ncarbon/remote.(*client).GetResources\n\t/home/ren/Repos/carbon/remote/resources.go:31\ncarbon/internal/resource.(*Manager).AsyncRefreshCache\n\t/home/ren/Repos/carbon/internal/resource/manager.go:66\ncarbon/cmd.rootCmdRun.func1\n\t/home/ren/Repos/carbon/cmd/root.go:143\nruntime.goexit\n\t/usr/lib/golang/src/runtime/asm_amd64.s:1700"
time=2025-09-21T22:40:38.504-05:00 level=INFO msg="refreshing resources cache from remote API..."
time=2025-09-21T22:40:38.504-05:00 level=DEBUG msg="request to external HTTP endpoint" method=GET endpoint="http://localhost:8080/resources?page=1" headers="map[Accept:[*/*] Accept-Encoding:[gzip, deflate, br] Content-Type:[application/x-www-form-urlencoded] User-Agent:[carbon/vdevelop] Xf-Api-Key:[(redacted)]]"
time=2025-09-21T22:40:38.545-05:00 level=ERROR msg="failed to refresh resource cache" error="readObjectStart: expect { or n, but found <, error found in #1 byte of ...|<!DOCTYPE h|..., bigger context ...|<!DOCTYPE html>\n<html id=\"XF\" lang=\"en-US\" dir=\"LTR|...\nremote: could not unmarshal response\ncarbon/remote.(*Response).BindJSON\n\t/home/ren/Repos/carbon/remote/http.go:228\ncarbon/remote.(*client).getResourcesPaged\n\t/home/ren/Repos/carbon/remote/resources.go:211\ncarbon/remote.(*client).GetResources\n\t/home/ren/Repos/carbon/remote/resources.go:31\ncarbon/internal/resource.(*Manager).AsyncRefreshCache\n\t/home/ren/Repos/carbon/internal/resource/manager.go:66\ncarbon/cmd.rootCmdRun.func1\n\t/home/ren/Repos/carbon/cmd/root.go:143\nruntime.goexit\n\t/usr/lib/golang/src/runtime/asm_amd64.s:1700"
time=2025-09-21T22:41:38.545-05:00 level=INFO msg="refreshing resources cache from remote API..."
time=2025-09-21T22:41:38.545-05:00 level=DEBUG msg="request to external HTTP endpoint" method=GET endpoint="http://localhost:8080/resources?page=1" headers="map[Accept:[*/*] Accept-Encoding:[gzip, deflate, br] Content-Type:[application/x-www-form-urlencoded] User-Agent:[carbon/vdevelop] Xf-Api-Key:[(redacted)]]"
time=2025-09-21T22:41:38.583-05:00 level=ERROR msg="failed to refresh resource cache" error="readObjectStart: expect { or n, but found <, error found in #1 byte of ...|<!DOCTYPE h|..., bigger context ...|<!DOCTYPE html>\n<html id=\"XF\" lang=\"en-US\" dir=\"LTR|...\nremote: could not unmarshal response\ncarbon/remote.(*Response).BindJSON\n\t/home/ren/Repos/carbon/remote/http.go:228\ncarbon/remote.(*client).getResourcesPaged\n\t/home/ren/Repos/carbon/remote/resources.go:211\ncarbon/remote.(*client).GetResources\n\t/home/ren/Repos/carbon/remote/resources.go:31\ncarbon/internal/resource.(*Manager).AsyncRefreshCache\n\t/home/ren/Repos/carbon/internal/resource/manager.go:66\ncarbon/cmd.rootCmdRun.func1\n\t/home/ren/Repos/carbon/cmd/root.go:143\nruntime.goexit\n\t/usr/lib/golang/src/runtime/asm_amd64.s:1700"
time=2025-09-21T22:42:38.585-05:00 level=INFO msg="refreshing resources cache from remote API..."
time=2025-09-21T22:42:38.585-05:00 level=DEBUG msg="request to external HTTP endpoint" method=GET endpoint="http://localhost:8080/resources?page=1" headers="map[Accept:[*/*] Accept-Encoding:[gzip, deflate, br] Content-Type:[application/x-www-form-urlencoded] User-Agent:[carbon/vdevelop] Xf-Api-Key:[(redacted)]]"
time=2025-09-21T22:42:38.623-05:00 level=ERROR msg="failed to refresh resource cache" error="readObjectStart: expect { or n, but found <, error found in #1 byte of ...|<!DOCTYPE h|..., bigger context ...|<!DOCTYPE html>\n<html id=\"XF\" lang=\"en-US\" dir=\"LTR|...\nremote: could not unmarshal response\ncarbon/remote.(*Response).BindJSON\n\t/home/ren/Repos/carbon/remote/http.go:228\ncarbon/remote.(*client).getResourcesPaged\n\t/home/ren/Repos/carbon/remote/resources.go:211\ncarbon/remote.(*client).GetResources\n\t/home/ren/Repos/carbon/remote/resources.go:31\ncarbon/internal/resource.(*Manager).AsyncRefreshCache\n\t/home/ren/Repos/carbon/internal/resource/manager.go:66\ncarbon/cmd.rootCmdRun.func1\n\t/home/ren/Repos/carbon/cmd/root.go:143\nruntime.goexit\n\t/usr/lib/golang/src/runtime/asm_amd64.s:1700"
time=2025-09-21T22:43:38.623-05:00 level=INFO msg="refreshing resources cache from remote API..."
time=2025-09-21T22:43:38.623-05:00 level=DEBUG msg="request to external HTTP endpoint" method=GET endpoint="http://localhost:8080/resources?page=1" headers="map[Accept:[*/*] Accept-Encoding:[gzip, deflate, br] Content-Type:[application/x-www-form-urlencoded] User-Agent:[carbon/vdevelop] Xf-Api-Key:[(redacted)]]"
time=2025-09-21T22:43:38.660-05:00 level=ERROR msg="failed to refresh resource cache" error="readObjectStart: expect { or n, but found <, error found in #1 byte of ...|<!DOCTYPE h|..., bigger context ...|<!DOCTYPE html>\n<html id=\"XF\" lang=\"en-US\" dir=\"LTR|...\nremote: could not unmarshal response\ncarbon/remote.(*Response).BindJSON\n\t/home/ren/Repos/carbon/remote/http.go:228\ncarbon/remote.(*client).getResourcesPaged\n\t/home/ren/Repos/carbon/remote/resources.go:211\ncarbon/remote.(*client).GetResources\n\t/home/ren/Repos/carbon/remote/resources.go:31\ncarbon/internal/resource.(*Manager).AsyncRefreshCache\n\t/home/ren/Repos/carbon/internal/resource/manager.go:66\ncarbon/cmd.rootCmdRun.func1\n\t/home/ren/Repos/carbon/cmd/root.go:143\nruntime.goexit\n\t/usr/lib/golang/src/runtime/asm_amd64.s:1700"
time=2025-09-21T22:44:38.663-05:00 level=INFO msg="refreshing resources cache from remote API..."
time=2025-09-21T22:44:38.663-05:00 level=DEBUG msg="request to external HTTP endpoint" method=GET endpoint="http://localhost:8080/resources?page=1" headers="map[Accept:[*/*] Accept-Encoding:[gzip, deflate, br] Content-Type:[application/x-www-form-urlencoded] User-Agent:[carbon/vdevelop] Xf-Api-Key:[(redacted)]]"
time=2025-09-21T22:44:38.692-05:00 level=ERROR msg="failed to refresh resource cache" error="readObjectStart: expect { or n, but found <, error found in #1 byte of ...|<!DOCTYPE h|..., bigger context ...|<!DOCTYPE html>\n<html id=\"XF\" lang=\"en-US\" dir=\"LTR|...\nremote: could not unmarshal response\ncarbon/remote.(*Response).BindJSON\n\t/home/ren/Repos/carbon/remote/http.go:228\ncarbon/remote.(*client).getResourcesPaged\n\t/home/ren/Repos/carbon/remote/resources.go:211\ncarbon/remote.(*client).GetResources\n\t/home/ren/Repos/carbon/remote/resources.go:31\ncarbon/internal/resource.(*Manager).AsyncRefreshCache\n\t/home/ren/Repos/carbon/internal/resource/manager.go:66\ncarbon/cmd.rootCmdRun.func1\n\t/home/ren/Repos/carbon/cmd/root.go:143\nruntime.goexit\n\t/usr/lib/golang/src/runtime/asm_amd64.s:1700"
time=2025-09-21T22:45:38.692-05:00 level=INFO msg="refreshing resources cache from remote API..."
time=2025-09-21T22:45:38.692-05:00 level=DEBUG msg="request to external HTTP endpoint" method=GET endpoint="http://localhost:8080/resources?page=1" headers="map[Accept:[*/*] Accept-Encoding:[gzip, deflate, br] Content-Type:[application/x-www-form-urlencoded] User-Agent:[carbon/vdevelop] Xf-Api-Key:[(redacted)]]"
time=2025-09-21T22:45:38.719-05:00 level=ERROR msg="failed to refresh resource cache" error="readObjectStart: expect { or n, but found <, error found in #1 byte of ...|<!DOCTYPE h|..., bigger context ...|<!DOCTYPE html>\n<html id=\"XF\" lang=\"en-US\" dir=\"LTR|...\nremote: could not unmarshal response\ncarbon/remote.(*Response).BindJSON\n\t/home/ren/Repos/carbon/remote/http.go:228\ncarbon/remote.(*client).getResourcesPaged\n\t/home/ren/Repos/carbon/remote/resources.go:211\ncarbon/remote.(*client).GetResources\n\t/home/ren/Repos/carbon/remote/resources.go:31\ncarbon/internal/resource.(*Manager).AsyncRefreshCache\n\t/home/ren/Repos/carbon/internal/resource/manager.go:66\ncarbon/cmd.rootCmdRun.func1\n\t/home/ren/Repos/carbon/cmd/root.go:143\nruntime.goexit\n\t/usr/lib/golang/src/runtime/asm_amd64.s:1700"
time=2025-09-21T22:46:38.720-05:00 level=INFO msg="refreshing resources cache from remote API..."
time=2025-09-21T22:46:38.720-05:00 level=DEBUG msg="request to external HTTP endpoint" method=GET endpoint="http://localhost:8080/resources?page=1" headers="map[Accept:[*/*] Accept-Encoding:[gzip, deflate, br] Content-Type:[application/x-www-form-urlencoded] User-Agent:[carbon/vdevelop] Xf-Api-Key:[(redacted)]]"
time=2025-09-21T22:46:38.758-05:00 level=ERROR msg="failed to refresh resource cache" error="readObjectStart: expect { or n, but found <, error found in #1 byte of ...|<!DOCTYPE h|..., bigger context ...|<!DOCTYPE html>\n<html id=\"XF\" lang=\"en-US\" dir=\"LTR|...\nremote: could not unmarshal response\ncarbon/remote.(*Response).BindJSON\n\t/home/ren/Repos/carbon/remote/http.go:228\ncarbon/remote.(*client).getResourcesPaged\n\t/home/ren/Repos/carbon/remote/resources.go:211\ncarbon/remote.(*client).GetResources\n\t/home/ren/Repos/carbon/remote/resources.go:31\ncarbon/internal/resource.(*Manager).AsyncRefreshCache\n\t/home/ren/Repos/carbon/internal/resource/manager.go:66\ncarbon/cmd.rootCmdRun.func1\n\t/home/ren/Repos/carbon/cmd/root.go:143\nruntime.goexit\n\t/usr/lib/golang/src/runtime/asm_amd64.s:1700"
time=2025-09-21T22:47:38.758-05:00 level=INFO msg="refreshing resources cache from remote API..."
time=2025-09-21T22:47:38.758-05:00 level=DEBUG msg="request to external HTTP endpoint" method=GET endpoint="http://localhost:8080/resources?page=1" headers="map[Accept:[*/*] Accept-Encoding:[gzip, deflate, br] Content-Type:[application/x-www-form-urlencoded] User-Agent:[carbon/vdevelop] Xf-Api-Key:[(redacted)]]"
time=2025-09-21T22:47:38.797-05:00 level=ERROR msg="failed to refresh resource cache" error="readObjectStart: expect { or n, but found <, error found in #1 byte of ...|<!DOCTYPE h|..., bigger context ...|<!DOCTYPE html>\n<html id=\"XF\" lang=\"en-US\" dir=\"LTR|...\nremote: could not unmarshal response\ncarbon/remote.(*Response).BindJSON\n\t/home/ren/Repos/carbon/remote/http.go:228\ncarbon/remote.(*client).getResourcesPaged\n\t/home/ren/Repos/carbon/remote/resources.go:211\ncarbon/remote.(*client).GetResources\n\t/home/ren/Repos/carbon/remote/resources.go:31\ncarbon/internal/resource.(*Manager).AsyncRefreshCache\n\t/home/ren/Repos/carbon/internal/resource/manager.go:66\ncarbon/cmd.rootCmdRun.func1\n\t/home/ren/Repos/carbon/cmd/root.go:143\nruntime.goexit\n\t/usr/lib/golang/src/runtime/asm_amd64.s:1700"
time=2025-09-21T22:48:38.800-05:00 level=INFO msg="refreshing resources cache from remote API..."
time=2025-09-21T22:48:38.800-05:00 level=DEBUG msg="request to external HTTP endpoint" method=GET endpoint="http://localhost:8080/resources?page=1" headers="map[Accept:[*/*] Accept-Encoding:[gzip, deflate, br] Content-Type:[application/x-www-form-urlencoded] User-Agent:[carbon/vdevelop] Xf-Api-Key:[(redacted)]]"
time=2025-09-21T22:48:38.838-05:00 level=ERROR msg="failed to refresh resource cache" error="readObjectStart: expect { or n, but found <, error found in #1 byte of ...|<!DOCTYPE h|..., bigger context ...|<!DOCTYPE html>\n<html id=\"XF\" lang=\"en-US\" dir=\"LTR|...\nremote: could not unmarshal response\ncarbon/remote.(*Response).BindJSON\n\t/home/ren/Repos/carbon/remote/http.go:228\ncarbon/remote.(*client).getResourcesPaged\n\t/home/ren/Repos/carbon/remote/resources.go:211\ncarbon/remote.(*client).GetResources\n\t/home/ren/Repos/carbon/remote/resources.go:31\ncarbon/internal/resource.(*Manager).AsyncRefreshCache\n\t/home/ren/Repos/carbon/internal/resource/manager.go:66\ncarbon/cmd.rootCmdRun.func1\n\t/home/ren/Repos/carbon/cmd/root.go:143\nruntime.goexit\n\t/usr/lib/golang/src/runtime/asm_amd64.s:1700"
time=2025-09-21T22:49:38.838-05:00 level=INFO msg="refreshing resources cache from remote API..."
time=2025-09-21T22:49:38.838-05:00 level=DEBUG msg="request to external HTTP endpoint" method=GET endpoint="http://localhost:8080/resources?page=1" headers="map[Accept:[*/*] Accept-Encoding:[gzip, deflate, br] Content-Type:[application/x-www-form-urlencoded] User-Agent:[carbon/vdevelop] Xf-Api-Key:[(redacted)]]"
time=2025-09-21T22:49:38.877-05:00 level=ERROR msg="failed to refresh resource cache" error="readObjectStart: expect { or n, but found <, error found in #1 byte of ...|<!DOCTYPE h|..., bigger context ...|<!DOCTYPE html>\n<html id=\"XF\" lang=\"en-US\" dir=\"LTR|...\nremote: could not unmarshal response\ncarbon/remote.(*Response).BindJSON\n\t/home/ren/Repos/carbon/remote/http.go:228\ncarbon/remote.(*client).getResourcesPaged\n\t/home/ren/Repos/carbon/remote/resources.go:211\ncarbon/remote.(*client).GetResources\n\t/home/ren/Repos/carbon/remote/resources.go:31\ncarbon/internal/resource.(*Manager).AsyncRefreshCache\n\t/home/ren/Repos/carbon/internal/resource/manager.go:66\ncarbon/cmd.rootCmdRun.func1\n\t/home/ren/Repos/carbon/cmd/root.go:143\nruntime.goexit\n\t/usr/lib/golang/src/runtime/asm_amd64.s:1700"
time=2025-09-21T22:50:38.878-05:00 level=INFO msg="refreshing resources cache from remote API..."
time=2025-09-21T22:50:38.878-05:00 level=DEBUG msg="request to external HTTP endpoint" method=GET endpoint="http://localhost:8080/resources?page=1" headers="map[Accept:[*/*] Accept-Encoding:[gzip, deflate, br] Content-Type:[application/x-www-form-urlencoded] User-Agent:[carbon/vdevelop] Xf-Api-Key:[(redacted)]]"
time=2025-09-21T22:50:38.918-05:00 level=ERROR msg="failed to refresh resource cache" error="readObjectStart: expect { or n, but found <, error found in #1 byte of ...|<!DOCTYPE h|..., bigger context ...|<!DOCTYPE html>\n<html id=\"XF\" lang=\"en-US\" dir=\"LTR|...\nremote: could not unmarshal response\ncarbon/remote.(*Response).BindJSON\n\t/home/ren/Repos/carbon/remote/http.go:228\ncarbon/remote.(*client).getResourcesPaged\n\t/home/ren/Repos/carbon/remote/resources.go:211\ncarbon/remote.(*client).GetResources\n\t/home/ren/Repos/carbon/remote/resources.go:31\ncarbon/internal/resource.(*Manager).AsyncRefreshCache\n\t/home/ren/Repos/carbon/internal/resource/manager.go:66\ncarbon/cmd.rootCmdRun.func1\n\t/home/ren/Repos/carbon/cmd/root.go:143\nruntime.goexit\n\t/usr/lib/golang/src/runtime/asm_amd64.s:1700"
time=2025-09-21T22:51:38.504-05:00 level=WARN msg="shutting down..."
time=2025-09-28T17:51:55.789-05:00 level=DEBUG msg="running in debug mode"
time=2025-09-28T17:51:55.789-05:00 level=ERROR msg="could not initialize database connection" error="dial tcp 0.0.0.0:3306: connect: connection refused"
time=2025-09-28T17:51:55.789-05:00 level=INFO msg="fetching resources from remote API..."
time=2025-09-28T17:51:55.789-05:00 level=DEBUG msg="request to external HTTP endpoint" method=GET endpoint="http://localhost:8080/resources?page=1" headers="map[Accept:[*/*] Accept-Encoding:[gzip, deflate, br] Content-Type:[application/x-www-form-urlencoded] User-Agent:[carbon/vdevelop] Xf-Api-Key:[(redacted)]]"
time=2025-09-28T17:51:56.369-05:00 level=DEBUG msg="request to external HTTP endpoint" method=GET endpoint="http://localhost:8080/resources?page=1" headers="map[Accept:[*/*] Accept-Encoding:[gzip, deflate, br] Content-Type:[application/x-www-form-urlencoded] User-Agent:[carbon/vdevelop] Xf-Api-Key:[(redacted)]]"
time=2025-09-28T17:51:57.196-05:00 level=DEBUG msg="request to external HTTP endpoint" method=GET endpoint="http://localhost:8080/resources?page=1" headers="map[Accept:[*/*] Accept-Encoding:[gzip, deflate, br] Content-Type:[application/x-www-form-urlencoded] User-Agent:[carbon/vdevelop] Xf-Api-Key:[(redacted)]]"
time=2025-09-28T17:51:58.746-05:00 level=DEBUG msg="request to external HTTP endpoint" method=GET endpoint="http://localhost:8080/resources?page=1" headers="map[Accept:[*/*] Accept-Encoding:[gzip, deflate, br] Content-Type:[application/x-www-form-urlencoded] User-Agent:[carbon/vdevelop] Xf-Api-Key:[(redacted)]]"
time=2025-09-28T17:51:59.855-05:00 level=DEBUG msg="request to external HTTP endpoint" method=GET endpoint="http://localhost:8080/resources?page=1" headers="map[Accept:[*/*] Accept-Encoding:[gzip, deflate, br] Content-Type:[application/x-www-form-urlencoded] User-Agent:[carbon/vdevelop] Xf-Api-Key:[(redacted)]]"
time=2025-10-04T17:11:50.900-05:00 level=DEBUG msg="running in debug mode"
time=2025-10-04T17:11:50.901-05:00 level=INFO msg="connected to the database"
time=2025-10-04T17:11:50.998-05:00 level=ERROR msg="could not initialize database connection" error="auto migration failed: Error 1005 (HY000): Can't create table `carbon`.`clients` (errno: 150 \"Foreign key constraint is incorrectly formed\")"
time=2025-10-04T17:15:26.734-05:00 level=DEBUG msg="running in debug mode"
time=2025-10-04T17:15:26.735-05:00 level=INFO msg="connected to the database"
time=2025-10-04T17:15:26.776-05:00 level=ERROR msg="could not initialize database connection" error="auto migration failed: Error 1005 (HY000): Can't create table `carbon`.`clients` (errno: 150 \"Foreign key constraint is incorrectly formed\")"
time=2025-10-04T17:15:47.504-05:00 level=DEBUG msg="running in debug mode"
time=2025-10-04T17:15:47.505-05:00 level=INFO msg="connected to the database"
time=2025-10-04T17:15:47.591-05:00 level=ERROR msg="could not initialize database connection" error="auto migration failed: Error 1005 (HY000): Can't create table `carbon`.`clients` (errno: 150 \"Foreign key constraint is incorrectly formed\")"
time=2025-10-04T17:16:53.835-05:00 level=DEBUG msg="running in debug mode"
time=2025-10-04T17:16:53.835-05:00 level=INFO msg="connected to the database"
time=2025-10-04T17:16:53.861-05:00 level=ERROR msg="could not initialize database connection" error="auto migration failed: Error 1005 (HY000): Can't create table `carbon`.`clients` (errno: 150 \"Foreign key constraint is incorrectly formed\")"
time=2025-10-04T17:17:08.844-05:00 level=DEBUG msg="running in debug mode"
time=2025-10-04T17:17:08.845-05:00 level=INFO msg="connected to the database"
time=2025-10-04T17:17:08.926-05:00 level=ERROR msg="could not initialize database connection" error="auto migration failed: Error 1005 (HY000): Can't create table `carbon`.`clients` (errno: 150 \"Foreign key constraint is incorrectly formed\")"
time=2025-10-04T17:21:58.658-05:00 level=DEBUG msg="running in debug mode"
time=2025-10-04T17:21:58.658-05:00 level=INFO msg="connected to the database"
time=2025-10-04T17:21:58.687-05:00 level=ERROR msg="could not initialize database connection" error="auto migration failed: Error 1005 (HY000): Can't create table `carbon`.`clients` (errno: 150 \"Foreign key constraint is incorrectly formed\")"
time=2025-10-04T17:23:25.788-05:00 level=DEBUG msg="running in debug mode"
time=2025-10-04T17:23:25.789-05:00 level=INFO msg="connected to the database"
time=2025-10-04T17:23:25.829-05:00 level=ERROR msg="could not initialize database connection" error="auto migration failed: Error 1005 (HY000): Can't create table `carbon`.`clients` (errno: 150 \"Foreign key constraint is incorrectly formed\")"
time=2025-10-04T17:24:12.143-05:00 level=DEBUG msg="running in debug mode"
time=2025-10-04T17:24:12.144-05:00 level=INFO msg="connected to the database"
time=2025-10-04T17:24:12.190-05:00 level=ERROR msg="could not initialize database connection" error="auto migration failed: Error 1005 (HY000): Can't create table `carbon`.`clients` (errno: 150 \"Foreign key constraint is incorrectly formed\")"
time=2025-10-04T17:24:14.484-05:00 level=DEBUG msg="running in debug mode"
time=2025-10-04T17:24:14.485-05:00 level=INFO msg="connected to the database"
time=2025-10-04T17:24:14.525-05:00 level=ERROR msg="could not initialize database connection" error="auto migration failed: Error 1005 (HY000): Can't create table `carbon`.`clients` (errno: 150 \"Foreign key constraint is incorrectly formed\")"
time=2025-10-04T17:24:15.103-05:00 level=DEBUG msg="running in debug mode"
time=2025-10-04T17:24:15.103-05:00 level=INFO msg="connected to the database"
time=2025-10-04T17:24:15.132-05:00 level=ERROR msg="could not initialize database connection" error="auto migration failed: Error 1005 (HY000): Can't create table `carbon`.`clients` (errno: 150 \"Foreign key constraint is incorrectly formed\")"
time=2025-10-04T17:24:33.311-05:00 level=DEBUG msg="running in debug mode"
time=2025-10-04T17:24:33.311-05:00 level=INFO msg="connected to the database"
time=2025-10-04T17:24:33.406-05:00 level=ERROR msg="could not initialize database connection" error="auto migration failed: Error 1005 (HY000): Can't create table `carbon`.`clients` (errno: 150 \"Foreign key constraint is incorrectly formed\")"
time=2025-10-04T17:26:50.096-05:00 level=DEBUG msg="running in debug mode"
time=2025-10-04T17:26:50.097-05:00 level=INFO msg="connected to the database"
time=2025-10-04T17:26:50.139-05:00 level=ERROR msg="could not initialize database connection" error="auto migration failed: Error 1005 (HY000): Can't create table `carbon`.`clients` (errno: 150 \"Foreign key constraint is incorrectly formed\")"
time=2025-10-04T17:27:30.521-05:00 level=DEBUG msg="running in debug mode"
time=2025-10-04T17:27:30.522-05:00 level=INFO msg="connected to the database"
time=2025-10-04T17:27:30.526-05:00 level=INFO msg="database migrations completed"
time=2025-10-04T17:27:30.526-05:00 level=INFO msg="fetching resources from remote API..."
time=2025-10-04T17:27:30.526-05:00 level=DEBUG msg="request to external HTTP endpoint" method=GET endpoint="http://localhost:8080/resources?page=1" headers="map[Accept:[*/*] Accept-Encoding:[gzip, deflate, br] Content-Type:[application/x-www-form-urlencoded] User-Agent:[carbon/vdevelop] Xf-Api-Key:[(redacted)]]"
time=2025-10-04T17:27:30.927-05:00 level=DEBUG msg="request to external HTTP endpoint" method=GET endpoint="http://localhost:8080/resources?page=1" headers="map[Accept:[*/*] Accept-Encoding:[gzip, deflate, br] Content-Type:[application/x-www-form-urlencoded] User-Agent:[carbon/vdevelop] Xf-Api-Key:[(redacted)]]"
time=2025-10-04T17:27:53.239-05:00 level=DEBUG msg="running in debug mode"
time=2025-10-04T17:27:53.239-05:00 level=INFO msg="connected to the database"
time=2025-10-04T17:27:53.244-05:00 level=INFO msg="database migrations completed"
time=2025-10-04T17:27:53.244-05:00 level=INFO msg="fetching resources from remote API..."
time=2025-10-04T17:27:53.244-05:00 level=DEBUG msg="request to external HTTP endpoint" method=GET endpoint="http://localhost:8080/resources?page=1" headers="map[Accept:[*/*] Accept-Encoding:[gzip, deflate, br] Content-Type:[application/x-www-form-urlencoded] User-Agent:[carbon/vdevelop] Xf-Api-Key:[(redacted)]]"
time=2025-10-04T17:27:53.907-05:00 level=DEBUG msg="request to external HTTP endpoint" method=GET endpoint="http://localhost:8080/resources?page=1" headers="map[Accept:[*/*] Accept-Encoding:[gzip, deflate, br] Content-Type:[application/x-www-form-urlencoded] User-Agent:[carbon/vdevelop] Xf-Api-Key:[(redacted)]]"
time=2025-10-04T17:27:54.396-05:00 level=DEBUG msg="request to external HTTP endpoint" method=GET endpoint="http://localhost:8080/resources?page=1" headers="map[Accept:[*/*] Accept-Encoding:[gzip, deflate, br] Content-Type:[application/x-www-form-urlencoded] User-Agent:[carbon/vdevelop] Xf-Api-Key:[(redacted)]]"
time=2025-10-04T17:30:40.433-05:00 level=DEBUG msg="running in debug mode"
time=2025-10-04T17:30:40.434-05:00 level=INFO msg="connected to the database"
time=2025-10-04T17:30:40.465-05:00 level=ERROR msg="could not initialize database connection" error="auto migration failed: Error 1005 (HY000): Can't create table `carbon`.`servers` (errno: 150 \"Foreign key constraint is incorrectly formed\")"
time=2025-10-04T17:32:57.465-05:00 level=DEBUG msg="running in debug mode"
time=2025-10-04T17:32:57.466-05:00 level=INFO msg="connected to the database"
time=2025-10-04T17:32:57.499-05:00 level=ERROR msg="could not initialize database connection" error="auto migration failed: Error 1005 (HY000): Can't create table `carbon`.`api_keys` (errno: 150 \"Foreign key constraint is incorrectly formed\")"
time=2025-10-04T17:37:11.006-05:00 level=DEBUG msg="running in debug mode"
time=2025-10-04T17:37:11.007-05:00 level=INFO msg="connected to the database"
time=2025-10-04T17:37:11.050-05:00 level=ERROR msg="could not initialize database connection" error="auto migration failed: Error 1005 (HY000): Can't create table `carbon`.`servers` (errno: 150 \"Foreign key constraint is incorrectly formed\")"
time=2025-10-04T17:51:20.612-05:00 level=DEBUG msg="running in debug mode"
time=2025-10-04T17:51:20.613-05:00 level=INFO msg="connected to the database"
time=2025-10-04T17:51:20.643-05:00 level=ERROR msg="could not initialize database connection" error="auto migration failed: Error 1005 (HY000): Can't create table `carbon`.`clients` (errno: 150 \"Foreign key constraint is incorrectly formed\")"
time=2025-10-04T17:53:24.720-05:00 level=DEBUG msg="running in debug mode"
time=2025-10-04T17:53:24.721-05:00 level=INFO msg="connected to the database"
time=2025-10-04T17:53:24.767-05:00 level=ERROR msg="could not initialize database connection" error="auto migration failed: Error 1005 (HY000): Can't create table `carbon`.`servers` (errno: 150 \"Foreign key constraint is incorrectly formed\")"
time=2025-10-04T17:54:45.258-05:00 level=DEBUG msg="running in debug mode"
time=2025-10-04T17:54:45.258-05:00 level=INFO msg="connected to the database"
time=2025-10-04T17:54:45.398-05:00 level=INFO msg="database migrations completed"
time=2025-10-04T17:54:45.398-05:00 level=INFO msg="fetching resources from remote API..."
time=2025-10-04T17:54:45.398-05:00 level=DEBUG msg="request to external HTTP endpoint" method=GET endpoint="http://localhost:8080/resources?page=1" headers="map[Accept:[*/*] Accept-Encoding:[gzip, deflate, br] Content-Type:[application/x-www-form-urlencoded] User-Agent:[carbon/vdevelop] Xf-Api-Key:[(redacted)]]"
time=2025-10-04T17:54:45.945-05:00 level=DEBUG msg="request to external HTTP endpoint" method=GET endpoint="http://localhost:8080/resources?page=1" headers="map[Accept:[*/*] Accept-Encoding:[gzip, deflate, br] Content-Type:[application/x-www-form-urlencoded] User-Agent:[carbon/vdevelop] Xf-Api-Key:[(redacted)]]"
time=2025-10-04T17:54:46.833-05:00 level=DEBUG msg="request to external HTTP endpoint" method=GET endpoint="http://localhost:8080/resources?page=1" headers="map[Accept:[*/*] Accept-Encoding:[gzip, deflate, br] Content-Type:[application/x-www-form-urlencoded] User-Agent:[carbon/vdevelop] Xf-Api-Key:[(redacted)]]"
time=2025-10-04T17:54:48.474-05:00 level=DEBUG msg="request to external HTTP endpoint" method=GET endpoint="http://localhost:8080/resources?page=1" headers="map[Accept:[*/*] Accept-Encoding:[gzip, deflate, br] Content-Type:[application/x-www-form-urlencoded] User-Agent:[carbon/vdevelop] Xf-Api-Key:[(redacted)]]"
time=2025-10-04T17:57:20.174-05:00 level=DEBUG msg="running in debug mode"
time=2025-10-04T17:57:20.174-05:00 level=INFO msg="connected to the database"
time=2025-10-04T17:57:20.305-05:00 level=INFO msg="database migrations completed"
time=2025-10-04T17:57:20.305-05:00 level=INFO msg="fetching resources from remote API..."
time=2025-10-04T17:57:20.305-05:00 level=DEBUG msg="request to external HTTP endpoint" method=GET endpoint="http://localhost:8080/resources?page=1" headers="map[Accept:[*/*] Accept-Encoding:[gzip, deflate, br] Content-Type:[application/x-www-form-urlencoded] User-Agent:[carbon/vdevelop] Xf-Api-Key:[(redacted)]]"
time=2025-10-04T17:57:20.772-05:00 level=DEBUG msg="request to external HTTP endpoint" method=GET endpoint="http://localhost:8080/resources?page=1" headers="map[Accept:[*/*] Accept-Encoding:[gzip, deflate, br] Content-Type:[application/x-www-form-urlencoded] User-Agent:[carbon/vdevelop] Xf-Api-Key:[(redacted)]]"
time=2025-10-04T17:57:21.404-05:00 level=DEBUG msg="request to external HTTP endpoint" method=GET endpoint="http://localhost:8080/resources?page=1" headers="map[Accept:[*/*] Accept-Encoding:[gzip, deflate, br] Content-Type:[application/x-www-form-urlencoded] User-Agent:[carbon/vdevelop] Xf-Api-Key:[(redacted)]]"
time=2025-10-04T18:10:34.909-05:00 level=DEBUG msg="running in debug mode"
time=2025-10-04T18:10:34.909-05:00 level=INFO msg="connected to the database"
time=2025-10-04T18:10:35.050-05:00 level=INFO msg="database migrations completed"
time=2025-10-04T18:10:35.050-05:00 level=INFO msg="fetching resources from remote API..."
time=2025-10-04T18:10:35.050-05:00 level=DEBUG msg="request to external HTTP endpoint" method=GET endpoint="http://localhost:8080/resources?page=1" headers="map[Accept:[*/*] Accept-Encoding:[gzip, deflate, br] Content-Type:[application/x-www-form-urlencoded] User-Agent:[carbon/vdevelop] Xf-Api-Key:[(redacted)]]"
time=2025-10-04T18:10:35.312-05:00 level=DEBUG msg="request to external HTTP endpoint" method=GET endpoint="http://localhost:8080/resources?page=1" headers="map[Accept:[*/*] Accept-Encoding:[gzip, deflate, br] Content-Type:[application/x-www-form-urlencoded] User-Agent:[carbon/vdevelop] Xf-Api-Key:[(redacted)]]"
time=2025-10-04T18:10:35.803-05:00 level=DEBUG msg="request to external HTTP endpoint" method=GET endpoint="http://localhost:8080/resources?page=1" headers="map[Accept:[*/*] Accept-Encoding:[gzip, deflate, br] Content-Type:[application/x-www-form-urlencoded] User-Agent:[carbon/vdevelop] Xf-Api-Key:[(redacted)]]"
time=2025-10-04T18:14:24.830-05:00 level=DEBUG msg="running in debug mode"
time=2025-10-04T18:14:24.831-05:00 level=INFO msg="connected to the database"
time=2025-10-04T18:14:24.847-05:00 level=INFO msg="database migrations completed"
time=2025-10-04T18:14:24.847-05:00 level=INFO msg="fetching resources from remote API..."
time=2025-10-04T18:14:24.847-05:00 level=DEBUG msg="request to external HTTP endpoint" method=GET endpoint="http://localhost:8080/resources?page=1" headers="map[Accept:[*/*] Accept-Encoding:[gzip, deflate, br] Content-Type:[application/x-www-form-urlencoded] User-Agent:[carbon/vdevelop] Xf-Api-Key:[(redacted)]]"
time=2025-10-04T18:14:25.258-05:00 level=DEBUG msg="request to external HTTP endpoint" method=GET endpoint="http://localhost:8080/resources?page=1" headers="map[Accept:[*/*] Accept-Encoding:[gzip, deflate, br] Content-Type:[application/x-www-form-urlencoded] User-Agent:[carbon/vdevelop] Xf-Api-Key:[(redacted)]]"
time=2025-10-04T18:14:26.078-05:00 level=DEBUG msg="request to external HTTP endpoint" method=GET endpoint="http://localhost:8080/resources?page=1" headers="map[Accept:[*/*] Accept-Encoding:[gzip, deflate, br] Content-Type:[application/x-www-form-urlencoded] User-Agent:[carbon/vdevelop] Xf-Api-Key:[(redacted)]]"
time=2025-10-04T18:14:27.723-05:00 level=DEBUG msg="request to external HTTP endpoint" method=GET endpoint="http://localhost:8080/resources?page=1" headers="map[Accept:[*/*] Accept-Encoding:[gzip, deflate, br] Content-Type:[application/x-www-form-urlencoded] User-Agent:[carbon/vdevelop] Xf-Api-Key:[(redacted)]]"
time=2025-10-04T18:14:29.210-05:00 level=DEBUG msg="request to external HTTP endpoint" method=GET endpoint="http://localhost:8080/resources?page=1" headers="map[Accept:[*/*] Accept-Encoding:[gzip, deflate, br] Content-Type:[application/x-www-form-urlencoded] User-Agent:[carbon/vdevelop] Xf-Api-Key:[(redacted)]]"
time=2025-10-04T18:14:32.432-05:00 level=DEBUG msg="request to external HTTP endpoint" method=GET endpoint="http://localhost:8080/resources?page=1" headers="map[Accept:[*/*] Accept-Encoding:[gzip, deflate, br] Content-Type:[application/x-www-form-urlencoded] User-Agent:[carbon/vdevelop] Xf-Api-Key:[(redacted)]]"
time=2025-10-04T18:14:32.434-05:00 level=ERROR msg="could not initialize resource manager" error="Get \"http://localhost:8080/resources?page=1\": dial tcp [::1]:8080: connect: connection refused"
time=2025-10-04T18:14:32.434-05:00 level=INFO msg="starting webserver" use_ssl=false use_auto_tls=false host_address=0.0.0.0 host_port=8081
time=2025-10-04T18:14:32.434-05:00 level=INFO msg="web server started"
time=2025-10-04T18:15:32.445-05:00 level=INFO msg="refreshing resources cache from remote API..."
time=2025-10-04T18:15:32.445-05:00 level=DEBUG msg="request to external HTTP endpoint" method=GET endpoint="http://localhost:8080/resources?page=1" headers="map[Accept:[*/*] Accept-Encoding:[gzip, deflate, br] Content-Type:[application/x-www-form-urlencoded] User-Agent:[carbon/vdevelop] Xf-Api-Key:[(redacted)]]"
time=2025-10-04T18:15:32.798-05:00 level=DEBUG msg="request to external HTTP endpoint" method=GET endpoint="http://localhost:8080/resources?page=1" headers="map[Accept:[*/*] Accept-Encoding:[gzip, deflate, br] Content-Type:[application/x-www-form-urlencoded] User-Agent:[carbon/vdevelop] Xf-Api-Key:[(redacted)]]"
time=2025-10-04T18:15:33.912-05:00 level=DEBUG msg="request to external HTTP endpoint" method=GET endpoint="http://localhost:8080/resources?page=1" headers="map[Accept:[*/*] Accept-Encoding:[gzip, deflate, br] Content-Type:[application/x-www-form-urlencoded] User-Agent:[carbon/vdevelop] Xf-Api-Key:[(redacted)]]"
time=2025-10-04T18:15:34.732-05:00 level=DEBUG msg="request to external HTTP endpoint" method=GET endpoint="http://localhost:8080/resources?page=1" headers="map[Accept:[*/*] Accept-Encoding:[gzip, deflate, br] Content-Type:[application/x-www-form-urlencoded] User-Agent:[carbon/vdevelop] Xf-Api-Key:[(redacted)]]"
time=2025-10-04T18:15:35.901-05:00 level=DEBUG msg="request to external HTTP endpoint" method=GET endpoint="http://localhost:8080/resources?page=1" headers="map[Accept:[*/*] Accept-Encoding:[gzip, deflate, br] Content-Type:[application/x-www-form-urlencoded] User-Agent:[carbon/vdevelop] Xf-Api-Key:[(redacted)]]"
time=2025-10-04T18:15:37.489-05:00 level=DEBUG msg="request to external HTTP endpoint" method=GET endpoint="http://localhost:8080/resources?page=1" headers="map[Accept:[*/*] Accept-Encoding:[gzip, deflate, br] Content-Type:[application/x-www-form-urlencoded] User-Agent:[carbon/vdevelop] Xf-Api-Key:[(redacted)]]"
time=2025-10-04T18:15:40.453-05:00 level=DEBUG msg="request to external HTTP endpoint" method=GET endpoint="http://localhost:8080/resources?page=1" headers="map[Accept:[*/*] Accept-Encoding:[gzip, deflate, br] Content-Type:[application/x-www-form-urlencoded] User-Agent:[carbon/vdevelop] Xf-Api-Key:[(redacted)]]"
time=2025-10-04T18:15:40.453-05:00 level=ERROR msg="failed to refresh resource cache" error="Get \"http://localhost:8080/resources?page=1\": dial tcp [::1]:8080: connect: connection refused"
time=2025-10-04T18:16:40.454-05:00 level=INFO msg="refreshing resources cache from remote API..."
time=2025-10-04T18:16:40.454-05:00 level=DEBUG msg="request to external HTTP endpoint" method=GET endpoint="http://localhost:8080/resources?page=1" headers="map[Accept:[*/*] Accept-Encoding:[gzip, deflate, br] Content-Type:[application/x-www-form-urlencoded] User-Agent:[carbon/vdevelop] Xf-Api-Key:[(redacted)]]"
time=2025-10-04T18:16:40.711-05:00 level=DEBUG msg="request to external HTTP endpoint" method=GET endpoint="http://localhost:8080/resources?page=1" headers="map[Accept:[*/*] Accept-Encoding:[gzip, deflate, br] Content-Type:[application/x-www-form-urlencoded] User-Agent:[carbon/vdevelop] Xf-Api-Key:[(redacted)]]"
time=2025-10-04T18:16:41.122-05:00 level=DEBUG msg="request to external HTTP endpoint" method=GET endpoint="http://localhost:8080/resources?page=1" headers="map[Accept:[*/*] Accept-Encoding:[gzip, deflate, br] Content-Type:[application/x-www-form-urlencoded] User-Agent:[carbon/vdevelop] Xf-Api-Key:[(redacted)]]"
time=2025-10-04T18:16:41.705-05:00 level=DEBUG msg="request to external HTTP endpoint" method=GET endpoint="http://localhost:8080/resources?page=1" headers="map[Accept:[*/*] Accept-Encoding:[gzip, deflate, br] Content-Type:[application/x-www-form-urlencoded] User-Agent:[carbon/vdevelop] Xf-Api-Key:[(redacted)]]"
time=2025-10-04T18:16:43.126-05:00 level=DEBUG msg="request to external HTTP endpoint" method=GET endpoint="http://localhost:8080/resources?page=1" headers="map[Accept:[*/*] Accept-Encoding:[gzip, deflate, br] Content-Type:[application/x-www-form-urlencoded] User-Agent:[carbon/vdevelop] Xf-Api-Key:[(redacted)]]"
time=2025-10-04T18:16:45.769-05:00 level=DEBUG msg="request to external HTTP endpoint" method=GET endpoint="http://localhost:8080/resources?page=1" headers="map[Accept:[*/*] Accept-Encoding:[gzip, deflate, br] Content-Type:[application/x-www-form-urlencoded] User-Agent:[carbon/vdevelop] Xf-Api-Key:[(redacted)]]"
time=2025-10-04T18:16:45.770-05:00 level=ERROR msg="failed to refresh resource cache" error="Get \"http://localhost:8080/resources?page=1\": dial tcp [::1]:8080: connect: connection refused"
time=2025-10-04T18:17:45.771-05:00 level=INFO msg="refreshing resources cache from remote API..."
time=2025-10-04T18:17:45.771-05:00 level=DEBUG msg="request to external HTTP endpoint" method=GET endpoint="http://localhost:8080/resources?page=1" headers="map[Accept:[*/*] Accept-Encoding:[gzip, deflate, br] Content-Type:[application/x-www-form-urlencoded] User-Agent:[carbon/vdevelop] Xf-Api-Key:[(redacted)]]"
time=2025-10-04T18:17:46.321-05:00 level=DEBUG msg="request to external HTTP endpoint" method=GET endpoint="http://localhost:8080/resources?page=1" headers="map[Accept:[*/*] Accept-Encoding:[gzip, deflate, br] Content-Type:[application/x-www-form-urlencoded] User-Agent:[carbon/vdevelop] Xf-Api-Key:[(redacted)]]"
time=2025-10-04T18:17:47.130-05:00 level=DEBUG msg="request to external HTTP endpoint" method=GET endpoint="http://localhost:8080/resources?page=1" headers="map[Accept:[*/*] Accept-Encoding:[gzip, deflate, br] Content-Type:[application/x-www-form-urlencoded] User-Agent:[carbon/vdevelop] Xf-Api-Key:[(redacted)]]"
time=2025-10-04T18:17:47.981-05:00 level=DEBUG msg="request to external HTTP endpoint" method=GET endpoint="http://localhost:8080/resources?page=1" headers="map[Accept:[*/*] Accept-Encoding:[gzip, deflate, br] Content-Type:[application/x-www-form-urlencoded] User-Agent:[carbon/vdevelop] Xf-Api-Key:[(redacted)]]"
time=2025-10-04T18:17:49.885-05:00 level=DEBUG msg="request to external HTTP endpoint" method=GET endpoint="http://localhost:8080/resources?page=1" headers="map[Accept:[*/*] Accept-Encoding:[gzip, deflate, br] Content-Type:[application/x-www-form-urlencoded] User-Agent:[carbon/vdevelop] Xf-Api-Key:[(redacted)]]"
time=2025-10-04T18:17:52.568-05:00 level=DEBUG msg="request to external HTTP endpoint" method=GET endpoint="http://localhost:8080/resources?page=1" headers="map[Accept:[*/*] Accept-Encoding:[gzip, deflate, br] Content-Type:[application/x-www-form-urlencoded] User-Agent:[carbon/vdevelop] Xf-Api-Key:[(redacted)]]"
time=2025-10-04T18:17:55.353-05:00 level=DEBUG msg="request to external HTTP endpoint" method=GET endpoint="http://localhost:8080/resources?page=1" headers="map[Accept:[*/*] Accept-Encoding:[gzip, deflate, br] Content-Type:[application/x-www-form-urlencoded] User-Agent:[carbon/vdevelop] Xf-Api-Key:[(redacted)]]"
time=2025-10-04T18:17:55.354-05:00 level=ERROR msg="failed to refresh resource cache" error="Get \"http://localhost:8080/resources?page=1\": dial tcp [::1]:8080: connect: connection refused"
time=2025-10-04T18:18:55.354-05:00 level=INFO msg="refreshing resources cache from remote API..."
time=2025-10-04T18:18:55.354-05:00 level=DEBUG msg="request to external HTTP endpoint" method=GET endpoint="http://localhost:8080/resources?page=1" headers="map[Accept:[*/*] Accept-Encoding:[gzip, deflate, br] Content-Type:[application/x-www-form-urlencoded] User-Agent:[carbon/vdevelop] Xf-Api-Key:[(redacted)]]"
time=2025-10-04T18:18:55.889-05:00 level=DEBUG msg="request to external HTTP endpoint" method=GET endpoint="http://localhost:8080/resources?page=1" headers="map[Accept:[*/*] Accept-Encoding:[gzip, deflate, br] Content-Type:[application/x-www-form-urlencoded] User-Agent:[carbon/vdevelop] Xf-Api-Key:[(redacted)]]"
time=2025-10-04T18:18:56.747-05:00 level=DEBUG msg="request to external HTTP endpoint" method=GET endpoint="http://localhost:8080/resources?page=1" headers="map[Accept:[*/*] Accept-Encoding:[gzip, deflate, br] Content-Type:[application/x-www-form-urlencoded] User-Agent:[carbon/vdevelop] Xf-Api-Key:[(redacted)]]"
time=2025-10-04T18:18:58.421-05:00 level=DEBUG msg="request to external HTTP endpoint" method=GET endpoint="http://localhost:8080/resources?page=1" headers="map[Accept:[*/*] Accept-Encoding:[gzip, deflate, br] Content-Type:[application/x-www-form-urlencoded] User-Agent:[carbon/vdevelop] Xf-Api-Key:[(redacted)]]"
time=2025-10-04T18:19:00.029-05:00 level=DEBUG msg="request to external HTTP endpoint" method=GET endpoint="http://localhost:8080/resources?page=1" headers="map[Accept:[*/*] Accept-Encoding:[gzip, deflate, br] Content-Type:[application/x-www-form-urlencoded] User-Agent:[carbon/vdevelop] Xf-Api-Key:[(redacted)]]"
time=2025-10-04T18:19:02.143-05:00 level=DEBUG msg="request to external HTTP endpoint" method=GET endpoint="http://localhost:8080/resources?page=1" headers="map[Accept:[*/*] Accept-Encoding:[gzip, deflate, br] Content-Type:[application/x-www-form-urlencoded] User-Agent:[carbon/vdevelop] Xf-Api-Key:[(redacted)]]"
time=2025-10-04T18:19:04.844-05:00 level=DEBUG msg="request to external HTTP endpoint" method=GET endpoint="http://localhost:8080/resources?page=1" headers="map[Accept:[*/*] Accept-Encoding:[gzip, deflate, br] Content-Type:[application/x-www-form-urlencoded] User-Agent:[carbon/vdevelop] Xf-Api-Key:[(redacted)]]"
time=2025-10-04T18:19:04.844-05:00 level=ERROR msg="failed to refresh resource cache" error="Get \"http://localhost:8080/resources?page=1\": dial tcp [::1]:8080: connect: connection refused"
time=2025-10-04T18:20:04.845-05:00 level=INFO msg="refreshing resources cache from remote API..."
time=2025-10-04T18:20:04.845-05:00 level=DEBUG msg="request to external HTTP endpoint" method=GET endpoint="http://localhost:8080/resources?page=1" headers="map[Accept:[*/*] Accept-Encoding:[gzip, deflate, br] Content-Type:[application/x-www-form-urlencoded] User-Agent:[carbon/vdevelop] Xf-Api-Key:[(redacted)]]"
time=2025-10-04T18:20:05.426-05:00 level=DEBUG msg="request to external HTTP endpoint" method=GET endpoint="http://localhost:8080/resources?page=1" headers="map[Accept:[*/*] Accept-Encoding:[gzip, deflate, br] Content-Type:[application/x-www-form-urlencoded] User-Agent:[carbon/vdevelop] Xf-Api-Key:[(redacted)]]"
time=2025-10-04T18:20:06.227-05:00 level=DEBUG msg="request to external HTTP endpoint" method=GET endpoint="http://localhost:8080/resources?page=1" headers="map[Accept:[*/*] Accept-Encoding:[gzip, deflate, br] Content-Type:[application/x-www-form-urlencoded] User-Agent:[carbon/vdevelop] Xf-Api-Key:[(redacted)]]"
time=2025-10-04T18:20:07.883-05:00 level=DEBUG msg="request to external HTTP endpoint" method=GET endpoint="http://localhost:8080/resources?page=1" headers="map[Accept:[*/*] Accept-Encoding:[gzip, deflate, br] Content-Type:[application/x-www-form-urlencoded] User-Agent:[carbon/vdevelop] Xf-Api-Key:[(redacted)]]"
time=2025-10-04T18:20:09.525-05:00 level=DEBUG msg="request to external HTTP endpoint" method=GET endpoint="http://localhost:8080/resources?page=1" headers="map[Accept:[*/*] Accept-Encoding:[gzip, deflate, br] Content-Type:[application/x-www-form-urlencoded] User-Agent:[carbon/vdevelop] Xf-Api-Key:[(redacted)]]"
time=2025-10-04T18:20:10.979-05:00 level=DEBUG msg="request to external HTTP endpoint" method=GET endpoint="http://localhost:8080/resources?page=1" headers="map[Accept:[*/*] Accept-Encoding:[gzip, deflate, br] Content-Type:[application/x-www-form-urlencoded] User-Agent:[carbon/vdevelop] Xf-Api-Key:[(redacted)]]"
time=2025-10-04T18:20:10.980-05:00 level=ERROR msg="failed to refresh resource cache" error="Get \"http://localhost:8080/resources?page=1\": dial tcp [::1]:8080: connect: connection refused"
time=2025-10-04T18:21:10.980-05:00 level=INFO msg="refreshing resources cache from remote API..."
time=2025-10-04T18:21:10.980-05:00 level=DEBUG msg="request to external HTTP endpoint" method=GET endpoint="http://localhost:8080/resources?page=1" headers="map[Accept:[*/*] Accept-Encoding:[gzip, deflate, br] Content-Type:[application/x-www-form-urlencoded] User-Agent:[carbon/vdevelop] Xf-Api-Key:[(redacted)]]"
time=2025-10-04T18:21:11.728-05:00 level=DEBUG msg="request to external HTTP endpoint" method=GET endpoint="http://localhost:8080/resources?page=1" headers="map[Accept:[*/*] Accept-Encoding:[gzip, deflate, br] Content-Type:[application/x-www-form-urlencoded] User-Agent:[carbon/vdevelop] Xf-Api-Key:[(redacted)]]"
time=2025-10-04T18:21:12.546-05:00 level=DEBUG msg="request to external HTTP endpoint" method=GET endpoint="http://localhost:8080/resources?page=1" headers="map[Accept:[*/*] Accept-Encoding:[gzip, deflate, br] Content-Type:[application/x-www-form-urlencoded] User-Agent:[carbon/vdevelop] Xf-Api-Key:[(redacted)]]"
time=2025-10-04T18:21:13.443-05:00 level=DEBUG msg="request to external HTTP endpoint" method=GET endpoint="http://localhost:8080/resources?page=1" headers="map[Accept:[*/*] Accept-Encoding:[gzip, deflate, br] Content-Type:[application/x-www-form-urlencoded] User-Agent:[carbon/vdevelop] Xf-Api-Key:[(redacted)]]"
time=2025-10-04T18:21:14.888-05:00 level=DEBUG msg="request to external HTTP endpoint" method=GET endpoint="http://localhost:8080/resources?page=1" headers="map[Accept:[*/*] Accept-Encoding:[gzip, deflate, br] Content-Type:[application/x-www-form-urlencoded] User-Agent:[carbon/vdevelop] Xf-Api-Key:[(redacted)]]"
time=2025-10-04T18:21:16.650-05:00 level=DEBUG msg="request to external HTTP endpoint" method=GET endpoint="http://localhost:8080/resources?page=1" headers="map[Accept:[*/*] Accept-Encoding:[gzip, deflate, br] Content-Type:[application/x-www-form-urlencoded] User-Agent:[carbon/vdevelop] Xf-Api-Key:[(redacted)]]"
time=2025-10-04T18:21:18.613-05:00 level=DEBUG msg="request to external HTTP endpoint" method=GET endpoint="http://localhost:8080/resources?page=1" headers="map[Accept:[*/*] Accept-Encoding:[gzip, deflate, br] Content-Type:[application/x-www-form-urlencoded] User-Agent:[carbon/vdevelop] Xf-Api-Key:[(redacted)]]"
time=2025-10-04T18:21:18.614-05:00 level=ERROR msg="failed to refresh resource cache" error="Get \"http://localhost:8080/resources?page=1\": dial tcp [::1]:8080: connect: connection refused"
time=2025-10-04T18:22:18.653-05:00 level=INFO msg="refreshing resources cache from remote API..."
time=2025-10-04T18:22:18.654-05:00 level=DEBUG msg="request to external HTTP endpoint" method=GET endpoint="http://localhost:8080/resources?page=1" headers="map[Accept:[*/*] Accept-Encoding:[gzip, deflate, br] Content-Type:[application/x-www-form-urlencoded] User-Agent:[carbon/vdevelop] Xf-Api-Key:[(redacted)]]"
time=2025-10-04T18:22:18.929-05:00 level=DEBUG msg="request to external HTTP endpoint" method=GET endpoint="http://localhost:8080/resources?page=1" headers="map[Accept:[*/*] Accept-Encoding:[gzip, deflate, br] Content-Type:[application/x-www-form-urlencoded] User-Agent:[carbon/vdevelop] Xf-Api-Key:[(redacted)]]"
time=2025-10-04T18:22:19.736-05:00 level=DEBUG msg="request to external HTTP endpoint" method=GET endpoint="http://localhost:8080/resources?page=1" headers="map[Accept:[*/*] Accept-Encoding:[gzip, deflate, br] Content-Type:[application/x-www-form-urlencoded] User-Agent:[carbon/vdevelop] Xf-Api-Key:[(redacted)]]"
time=2025-10-04T18:22:20.875-05:00 level=DEBUG msg="request to external HTTP endpoint" method=GET endpoint="http://localhost:8080/resources?page=1" headers="map[Accept:[*/*] Accept-Encoding:[gzip, deflate, br] Content-Type:[application/x-www-form-urlencoded] User-Agent:[carbon/vdevelop] Xf-Api-Key:[(redacted)]]"
time=2025-10-04T18:22:22.041-05:00 level=DEBUG msg="request to external HTTP endpoint" method=GET endpoint="http://localhost:8080/resources?page=1" headers="map[Accept:[*/*] Accept-Encoding:[gzip, deflate, br] Content-Type:[application/x-www-form-urlencoded] User-Agent:[carbon/vdevelop] Xf-Api-Key:[(redacted)]]"
time=2025-10-04T18:22:24.768-05:00 level=DEBUG msg="request to external HTTP endpoint" method=GET endpoint="http://localhost:8080/resources?page=1" headers="map[Accept:[*/*] Accept-Encoding:[gzip, deflate, br] Content-Type:[application/x-www-form-urlencoded] User-Agent:[carbon/vdevelop] Xf-Api-Key:[(redacted)]]"
time=2025-10-04T18:22:24.769-05:00 level=ERROR msg="failed to refresh resource cache" error="Get \"http://localhost:8080/resources?page=1\": dial tcp [::1]:8080: connect: connection refused"
time=2025-10-04T18:23:24.769-05:00 level=INFO msg="refreshing resources cache from remote API..."
time=2025-10-04T18:23:24.769-05:00 level=DEBUG msg="request to external HTTP endpoint" method=GET endpoint="http://localhost:8080/resources?page=1" headers="map[Accept:[*/*] Accept-Encoding:[gzip, deflate, br] Content-Type:[application/x-www-form-urlencoded] User-Agent:[carbon/vdevelop] Xf-Api-Key:[(redacted)]]"
time=2025-10-04T18:23:25.144-05:00 level=DEBUG msg="request to external HTTP endpoint" method=GET endpoint="http://localhost:8080/resources?page=1" headers="map[Accept:[*/*] Accept-Encoding:[gzip, deflate, br] Content-Type:[application/x-www-form-urlencoded] User-Agent:[carbon/vdevelop] Xf-Api-Key:[(redacted)]]"
time=2025-10-04T18:23:25.961-05:00 level=DEBUG msg="request to external HTTP endpoint" method=GET endpoint="http://localhost:8080/resources?page=1" headers="map[Accept:[*/*] Accept-Encoding:[gzip, deflate, br] Content-Type:[application/x-www-form-urlencoded] User-Agent:[carbon/vdevelop] Xf-Api-Key:[(redacted)]]"
time=2025-10-04T18:23:26.766-05:00 level=DEBUG msg="request to external HTTP endpoint" method=GET endpoint="http://localhost:8080/resources?page=1" headers="map[Accept:[*/*] Accept-Encoding:[gzip, deflate, br] Content-Type:[application/x-www-form-urlencoded] User-Agent:[carbon/vdevelop] Xf-Api-Key:[(redacted)]]"
time=2025-10-04T18:23:29.212-05:00 level=DEBUG msg="request to external HTTP endpoint" method=GET endpoint="http://localhost:8080/resources?page=1" headers="map[Accept:[*/*] Accept-Encoding:[gzip, deflate, br] Content-Type:[application/x-www-form-urlencoded] User-Agent:[carbon/vdevelop] Xf-Api-Key:[(redacted)]]"
time=2025-10-04T18:23:31.865-05:00 level=DEBUG msg="request to external HTTP endpoint" method=GET endpoint="http://localhost:8080/resources?page=1" headers="map[Accept:[*/*] Accept-Encoding:[gzip, deflate, br] Content-Type:[application/x-www-form-urlencoded] User-Agent:[carbon/vdevelop] Xf-Api-Key:[(redacted)]]"
time=2025-10-04T18:23:31.866-05:00 level=ERROR msg="failed to refresh resource cache" error="Get \"http://localhost:8080/resources?page=1\": dial tcp [::1]:8080: connect: connection refused"
time=2025-10-04T18:24:31.886-05:00 level=INFO msg="refreshing resources cache from remote API..."
time=2025-10-04T18:24:31.886-05:00 level=DEBUG msg="request to external HTTP endpoint" method=GET endpoint="http://localhost:8080/resources?page=1" headers="map[Accept:[*/*] Accept-Encoding:[gzip, deflate, br] Content-Type:[application/x-www-form-urlencoded] User-Agent:[carbon/vdevelop] Xf-Api-Key:[(redacted)]]"
time=2025-10-04T18:24:32.310-05:00 level=DEBUG msg="request to external HTTP endpoint" method=GET endpoint="http://localhost:8080/resources?page=1" headers="map[Accept:[*/*] Accept-Encoding:[gzip, deflate, br] Content-Type:[application/x-www-form-urlencoded] User-Agent:[carbon/vdevelop] Xf-Api-Key:[(redacted)]]"
time=2025-10-04T18:24:33.378-05:00 level=DEBUG msg="request to external HTTP endpoint" method=GET endpoint="http://localhost:8080/resources?page=1" headers="map[Accept:[*/*] Accept-Encoding:[gzip, deflate, br] Content-Type:[application/x-www-form-urlencoded] User-Agent:[carbon/vdevelop] Xf-Api-Key:[(redacted)]]"
time=2025-10-04T18:24:35.032-05:00 level=DEBUG msg="request to external HTTP endpoint" method=GET endpoint="http://localhost:8080/resources?page=1" headers="map[Accept:[*/*] Accept-Encoding:[gzip, deflate, br] Content-Type:[application/x-www-form-urlencoded] User-Agent:[carbon/vdevelop] Xf-Api-Key:[(redacted)]]"
time=2025-10-04T18:24:36.964-05:00 level=DEBUG msg="request to external HTTP endpoint" method=GET endpoint="http://localhost:8080/resources?page=1" headers="map[Accept:[*/*] Accept-Encoding:[gzip, deflate, br] Content-Type:[application/x-www-form-urlencoded] User-Agent:[carbon/vdevelop] Xf-Api-Key:[(redacted)]]"
time=2025-10-04T18:24:40.633-05:00 level=DEBUG msg="request to external HTTP endpoint" method=GET endpoint="http://localhost:8080/resources?page=1" headers="map[Accept:[*/*] Accept-Encoding:[gzip, deflate, br] Content-Type:[application/x-www-form-urlencoded] User-Agent:[carbon/vdevelop] Xf-Api-Key:[(redacted)]]"
time=2025-10-04T18:24:40.633-05:00 level=ERROR msg="failed to refresh resource cache" error="Get \"http://localhost:8080/resources?page=1\": dial tcp [::1]:8080: connect: connection refused"
time=2025-10-04T18:25:40.634-05:00 level=INFO msg="refreshing resources cache from remote API..."
time=2025-10-04T18:25:40.634-05:00 level=DEBUG msg="request to external HTTP endpoint" method=GET endpoint="http://localhost:8080/resources?page=1" headers="map[Accept:[*/*] Accept-Encoding:[gzip, deflate, br] Content-Type:[application/x-www-form-urlencoded] User-Agent:[carbon/vdevelop] Xf-Api-Key:[(redacted)]]"
time=2025-10-04T18:25:41.025-05:00 level=DEBUG msg="request to external HTTP endpoint" method=GET endpoint="http://localhost:8080/resources?page=1" headers="map[Accept:[*/*] Accept-Encoding:[gzip, deflate, br] Content-Type:[application/x-www-form-urlencoded] User-Agent:[carbon/vdevelop] Xf-Api-Key:[(redacted)]]"
time=2025-10-04T18:25:41.603-05:00 level=DEBUG msg="request to external HTTP endpoint" method=GET endpoint="http://localhost:8080/resources?page=1" headers="map[Accept:[*/*] Accept-Encoding:[gzip, deflate, br] Content-Type:[application/x-www-form-urlencoded] User-Agent:[carbon/vdevelop] Xf-Api-Key:[(redacted)]]"
time=2025-10-04T18:25:42.193-05:00 level=DEBUG msg="request to external HTTP endpoint" method=GET endpoint="http://localhost:8080/resources?page=1" headers="map[Accept:[*/*] Accept-Encoding:[gzip, deflate, br] Content-Type:[application/x-www-form-urlencoded] User-Agent:[carbon/vdevelop] Xf-Api-Key:[(redacted)]]"
time=2025-10-04T18:25:43.236-05:00 level=DEBUG msg="request to external HTTP endpoint" method=GET endpoint="http://localhost:8080/resources?page=1" headers="map[Accept:[*/*] Accept-Encoding:[gzip, deflate, br] Content-Type:[application/x-www-form-urlencoded] User-Agent:[carbon/vdevelop] Xf-Api-Key:[(redacted)]]"
time=2025-10-04T18:25:46.725-05:00 level=DEBUG msg="request to external HTTP endpoint" method=GET endpoint="http://localhost:8080/resources?page=1" headers="map[Accept:[*/*] Accept-Encoding:[gzip, deflate, br] Content-Type:[application/x-www-form-urlencoded] User-Agent:[carbon/vdevelop] Xf-Api-Key:[(redacted)]]"
time=2025-10-04T18:25:49.196-05:00 level=DEBUG msg="request to external HTTP endpoint" method=GET endpoint="http://localhost:8080/resources?page=1" headers="map[Accept:[*/*] Accept-Encoding:[gzip, deflate, br] Content-Type:[application/x-www-form-urlencoded] User-Agent:[carbon/vdevelop] Xf-Api-Key:[(redacted)]]"
time=2025-10-04T18:25:49.197-05:00 level=ERROR msg="failed to refresh resource cache" error="Get \"http://localhost:8080/resources?page=1\": dial tcp [::1]:8080: connect: connection refused"
time=2025-10-04T18:26:49.250-05:00 level=INFO msg="refreshing resources cache from remote API..."
time=2025-10-04T18:26:49.251-05:00 level=DEBUG msg="request to external HTTP endpoint" method=GET endpoint="http://localhost:8080/resources?page=1" headers="map[Accept:[*/*] Accept-Encoding:[gzip, deflate, br] Content-Type:[application/x-www-form-urlencoded] User-Agent:[carbon/vdevelop] Xf-Api-Key:[(redacted)]]"
time=2025-10-04T18:26:49.617-05:00 level=DEBUG msg="request to external HTTP endpoint" method=GET endpoint="http://localhost:8080/resources?page=1" headers="map[Accept:[*/*] Accept-Encoding:[gzip, deflate, br] Content-Type:[application/x-www-form-urlencoded] User-Agent:[carbon/vdevelop] Xf-Api-Key:[(redacted)]]"
time=2025-10-04T18:26:50.409-05:00 level=DEBUG msg="request to external HTTP endpoint" method=GET endpoint="http://localhost:8080/resources?page=1" headers="map[Accept:[*/*] Accept-Encoding:[gzip, deflate, br] Content-Type:[application/x-www-form-urlencoded] User-Agent:[carbon/vdevelop] Xf-Api-Key:[(redacted)]]"
time=2025-10-04T18:26:51.868-05:00 level=DEBUG msg="request to external HTTP endpoint" method=GET endpoint="http://localhost:8080/resources?page=1" headers="map[Accept:[*/*] Accept-Encoding:[gzip, deflate, br] Content-Type:[application/x-www-form-urlencoded] User-Agent:[carbon/vdevelop] Xf-Api-Key:[(redacted)]]"
time=2025-10-04T18:26:53.130-05:00 level=DEBUG msg="request to external HTTP endpoint" method=GET endpoint="http://localhost:8080/resources?page=1" headers="map[Accept:[*/*] Accept-Encoding:[gzip, deflate, br] Content-Type:[application/x-www-form-urlencoded] User-Agent:[carbon/vdevelop] Xf-Api-Key:[(redacted)]]"
time=2025-10-04T18:26:55.913-05:00 level=DEBUG msg="request to external HTTP endpoint" method=GET endpoint="http://localhost:8080/resources?page=1" headers="map[Accept:[*/*] Accept-Encoding:[gzip, deflate, br] Content-Type:[application/x-www-form-urlencoded] User-Agent:[carbon/vdevelop] Xf-Api-Key:[(redacted)]]"
time=2025-10-04T18:26:58.378-05:00 level=DEBUG msg="request to external HTTP endpoint" method=GET endpoint="http://localhost:8080/resources?page=1" headers="map[Accept:[*/*] Accept-Encoding:[gzip, deflate, br] Content-Type:[application/x-www-form-urlencoded] User-Agent:[carbon/vdevelop] Xf-Api-Key:[(redacted)]]"
time=2025-10-04T18:26:58.378-05:00 level=ERROR msg="failed to refresh resource cache" error="Get \"http://localhost:8080/resources?page=1\": dial tcp [::1]:8080: connect: connection refused"
time=2025-10-04T18:27:58.379-05:00 level=INFO msg="refreshing resources cache from remote API..."
time=2025-10-04T18:27:58.379-05:00 level=DEBUG msg="request to external HTTP endpoint" method=GET endpoint="http://localhost:8080/resources?page=1" headers="map[Accept:[*/*] Accept-Encoding:[gzip, deflate, br] Content-Type:[application/x-www-form-urlencoded] User-Agent:[carbon/vdevelop] Xf-Api-Key:[(redacted)]]"
time=2025-10-04T18:27:58.941-05:00 level=DEBUG msg="request to external HTTP endpoint" method=GET endpoint="http://localhost:8080/resources?page=1" headers="map[Accept:[*/*] Accept-Encoding:[gzip, deflate, br] Content-Type:[application/x-www-form-urlencoded] User-Agent:[carbon/vdevelop] Xf-Api-Key:[(redacted)]]"
time=2025-10-04T18:27:59.897-05:00 level=DEBUG msg="request to external HTTP endpoint" method=GET endpoint="http://localhost:8080/resources?page=1" headers="map[Accept:[*/*] Accept-Encoding:[gzip, deflate, br] Content-Type:[application/x-www-form-urlencoded] User-Agent:[carbon/vdevelop] Xf-Api-Key:[(redacted)]]"
time=2025-10-04T18:28:00.740-05:00 level=DEBUG msg="request to external HTTP endpoint" method=GET endpoint="http://localhost:8080/resources?page=1" headers="map[Accept:[*/*] Accept-Encoding:[gzip, deflate, br] Content-Type:[application/x-www-form-urlencoded] User-Agent:[carbon/vdevelop] Xf-Api-Key:[(redacted)]]"
time=2025-10-04T18:28:01.666-05:00 level=DEBUG msg="request to external HTTP endpoint" method=GET endpoint="http://localhost:8080/resources?page=1" headers="map[Accept:[*/*] Accept-Encoding:[gzip, deflate, br] Content-Type:[application/x-www-form-urlencoded] User-Agent:[carbon/vdevelop] Xf-Api-Key:[(redacted)]]"
time=2025-10-04T18:28:03.040-05:00 level=DEBUG msg="request to external HTTP endpoint" method=GET endpoint="http://localhost:8080/resources?page=1" headers="map[Accept:[*/*] Accept-Encoding:[gzip, deflate, br] Content-Type:[application/x-www-form-urlencoded] User-Agent:[carbon/vdevelop] Xf-Api-Key:[(redacted)]]"
time=2025-10-04T18:28:08.252-05:00 level=DEBUG msg="request to external HTTP endpoint" method=GET endpoint="http://localhost:8080/resources?page=1" headers="map[Accept:[*/*] Accept-Encoding:[gzip, deflate, br] Content-Type:[application/x-www-form-urlencoded] User-Agent:[carbon/vdevelop] Xf-Api-Key:[(redacted)]]"
time=2025-10-04T18:28:08.252-05:00 level=ERROR msg="failed to refresh resource cache" error="Get \"http://localhost:8080/resources?page=1\": dial tcp [::1]:8080: connect: connection refused"
time=2025-10-04T18:29:08.281-05:00 level=INFO msg="refreshing resources cache from remote API..."
time=2025-10-04T18:29:08.281-05:00 level=DEBUG msg="request to external HTTP endpoint" method=GET endpoint="http://localhost:8080/resources?page=1" headers="map[Accept:[*/*] Accept-Encoding:[gzip, deflate, br] Content-Type:[application/x-www-form-urlencoded] User-Agent:[carbon/vdevelop] Xf-Api-Key:[(redacted)]]"
time=2025-10-04T18:29:08.901-05:00 level=DEBUG msg="request to external HTTP endpoint" method=GET endpoint="http://localhost:8080/resources?page=1" headers="map[Accept:[*/*] Accept-Encoding:[gzip, deflate, br] Content-Type:[application/x-www-form-urlencoded] User-Agent:[carbon/vdevelop] Xf-Api-Key:[(redacted)]]"
time=2025-10-04T18:29:09.307-05:00 level=DEBUG msg="request to external HTTP endpoint" method=GET endpoint="http://localhost:8080/resources?page=1" headers="map[Accept:[*/*] Accept-Encoding:[gzip, deflate, br] Content-Type:[application/x-www-form-urlencoded] User-Agent:[carbon/vdevelop] Xf-Api-Key:[(redacted)]]"
time=2025-10-04T18:29:09.935-05:00 level=DEBUG msg="request to external HTTP endpoint" method=GET endpoint="http://localhost:8080/resources?page=1" headers="map[Accept:[*/*] Accept-Encoding:[gzip, deflate, br] Content-Type:[application/x-www-form-urlencoded] User-Agent:[carbon/vdevelop] Xf-Api-Key:[(redacted)]]"
time=2025-10-04T18:29:12.323-05:00 level=DEBUG msg="request to external HTTP endpoint" method=GET endpoint="http://localhost:8080/resources?page=1" headers="map[Accept:[*/*] Accept-Encoding:[gzip, deflate, br] Content-Type:[application/x-www-form-urlencoded] User-Agent:[carbon/vdevelop] Xf-Api-Key:[(redacted)]]"
time=2025-10-04T18:29:15.865-05:00 level=DEBUG msg="request to external HTTP endpoint" method=GET endpoint="http://localhost:8080/resources?page=1" headers="map[Accept:[*/*] Accept-Encoding:[gzip, deflate, br] Content-Type:[application/x-www-form-urlencoded] User-Agent:[carbon/vdevelop] Xf-Api-Key:[(redacted)]]"
time=2025-10-04T18:29:15.866-05:00 level=ERROR msg="failed to refresh resource cache" error="Get \"http://localhost:8080/resources?page=1\": dial tcp [::1]:8080: connect: connection refused"
time=2025-10-04T18:30:15.866-05:00 level=INFO msg="refreshing resources cache from remote API..."
time=2025-10-04T18:30:15.866-05:00 level=DEBUG msg="request to external HTTP endpoint" method=GET endpoint="http://localhost:8080/resources?page=1" headers="map[Accept:[*/*] Accept-Encoding:[gzip, deflate, br] Content-Type:[application/x-www-form-urlencoded] User-Agent:[carbon/vdevelop] Xf-Api-Key:[(redacted)]]"
time=2025-10-04T18:30:16.360-05:00 level=DEBUG msg="request to external HTTP endpoint" method=GET endpoint="http://localhost:8080/resources?page=1" headers="map[Accept:[*/*] Accept-Encoding:[gzip, deflate, br] Content-Type:[application/x-www-form-urlencoded] User-Agent:[carbon/vdevelop] Xf-Api-Key:[(redacted)]]"
time=2025-10-04T18:30:16.937-05:00 level=DEBUG msg="request to external HTTP endpoint" method=GET endpoint="http://localhost:8080/resources?page=1" headers="map[Accept:[*/*] Accept-Encoding:[gzip, deflate, br] Content-Type:[application/x-www-form-urlencoded] User-Agent:[carbon/vdevelop] Xf-Api-Key:[(redacted)]]"
time=2025-10-04T18:30:17.578-05:00 level=DEBUG msg="request to external HTTP endpoint" method=GET endpoint="http://localhost:8080/resources?page=1" headers="map[Accept:[*/*] Accept-Encoding:[gzip, deflate, br] Content-Type:[application/x-www-form-urlencoded] User-Agent:[carbon/vdevelop] Xf-Api-Key:[(redacted)]]"
time=2025-10-04T18:30:19.672-05:00 level=DEBUG msg="request to external HTTP endpoint" method=GET endpoint="http://localhost:8080/resources?page=1" headers="map[Accept:[*/*] Accept-Encoding:[gzip, deflate, br] Content-Type:[application/x-www-form-urlencoded] User-Agent:[carbon/vdevelop] Xf-Api-Key:[(redacted)]]"
time=2025-10-04T18:30:21.436-05:00 level=DEBUG msg="request to external HTTP endpoint" method=GET endpoint="http://localhost:8080/resources?page=1" headers="map[Accept:[*/*] Accept-Encoding:[gzip, deflate, br] Content-Type:[application/x-www-form-urlencoded] User-Agent:[carbon/vdevelop] Xf-Api-Key:[(redacted)]]"
time=2025-10-04T18:30:24.887-05:00 level=DEBUG msg="request to external HTTP endpoint" method=GET endpoint="http://localhost:8080/resources?page=1" headers="map[Accept:[*/*] Accept-Encoding:[gzip, deflate, br] Content-Type:[application/x-www-form-urlencoded] User-Agent:[carbon/vdevelop] Xf-Api-Key:[(redacted)]]"
time=2025-10-04T18:30:24.887-05:00 level=ERROR msg="failed to refresh resource cache" error="Get \"http://localhost:8080/resources?page=1\": dial tcp [::1]:8080: connect: connection refused"
time=2025-10-04T18:30:47.747-05:00 level=WARN msg="shutting down..."
time=2025-10-04T19:04:45.817-05:00 level=DEBUG msg="running in debug mode"
time=2025-10-04T19:04:45.819-05:00 level=INFO msg="connected to the database"
time=2025-10-04T19:04:45.839-05:00 level=INFO msg="database migrations completed"
time=2025-10-04T19:04:45.839-05:00 level=INFO msg="fetching resources from remote API..."
time=2025-10-04T19:04:45.839-05:00 level=DEBUG msg="request to external HTTP endpoint" method=GET endpoint="http://localhost:8080/resources?page=1" headers="map[Accept:[*/*] Accept-Encoding:[gzip, deflate, br] Content-Type:[application/x-www-form-urlencoded] User-Agent:[carbon/vdevelop] Xf-Api-Key:[(redacted)]]"
time=2025-10-04T19:04:46.280-05:00 level=DEBUG msg="request to external HTTP endpoint" method=GET endpoint="http://localhost:8080/resources?page=1" headers="map[Accept:[*/*] Accept-Encoding:[gzip, deflate, br] Content-Type:[application/x-www-form-urlencoded] User-Agent:[carbon/vdevelop] Xf-Api-Key:[(redacted)]]"
time=2025-10-04T19:04:46.938-05:00 level=DEBUG msg="request to external HTTP endpoint" method=GET endpoint="http://localhost:8080/resources?page=1" headers="map[Accept:[*/*] Accept-Encoding:[gzip, deflate, br] Content-Type:[application/x-www-form-urlencoded] User-Agent:[carbon/vdevelop] Xf-Api-Key:[(redacted)]]"
time=2025-10-04T19:04:47.523-05:00 level=DEBUG msg="request to external HTTP endpoint" method=GET endpoint="http://localhost:8080/resources?page=1" headers="map[Accept:[*/*] Accept-Encoding:[gzip, deflate, br] Content-Type:[application/x-www-form-urlencoded] User-Agent:[carbon/vdevelop] Xf-Api-Key:[(redacted)]]"
time=2025-10-04T19:04:48.917-05:00 level=DEBUG msg="request to external HTTP endpoint" method=GET endpoint="http://localhost:8080/resources?page=1" headers="map[Accept:[*/*] Accept-Encoding:[gzip, deflate, br] Content-Type:[application/x-www-form-urlencoded] User-Agent:[carbon/vdevelop] Xf-Api-Key:[(redacted)]]"
time=2025-10-04T19:04:52.153-05:00 level=DEBUG msg="request to external HTTP endpoint" method=GET endpoint="http://localhost:8080/resources?page=1" headers="map[Accept:[*/*] Accept-Encoding:[gzip, deflate, br] Content-Type:[application/x-www-form-urlencoded] User-Agent:[carbon/vdevelop] Xf-Api-Key:[(redacted)]]"
time=2025-10-04T19:44:38.940-05:00 level=DEBUG msg="running in debug mode"
time=2025-10-04T19:44:38.941-05:00 level=INFO msg="connected to the database"
time=2025-10-04T19:44:38.957-05:00 level=INFO msg="database migrations completed"
time=2025-10-04T19:44:38.957-05:00 level=INFO msg="fetching resources from remote API..."
time=2025-10-04T19:44:38.958-05:00 level=DEBUG msg="request to external HTTP endpoint" method=GET endpoint="https://forum.rigsofrods.org/api/resources?page=1" headers="map[Accept:[*/*] Accept-Encoding:[gzip, deflate, br] Content-Type:[application/x-www-form-urlencoded] User-Agent:[carbon/vdevelop] Xf-Api-Key:[(redacted)]]"
time=2025-10-04T19:44:39.586-05:00 level=DEBUG msg="request to external HTTP endpoint" method=GET endpoint="https://forum.rigsofrods.org/api/resources?page=5" headers="map[Accept:[*/*] Accept-Encoding:[gzip, deflate, br] Content-Type:[application/x-www-form-urlencoded] User-Agent:[carbon/vdevelop] Xf-Api-Key:[(redacted)]]"
time=2025-10-04T19:44:39.586-05:00 level=DEBUG msg="request to external HTTP endpoint" method=GET endpoint="https://forum.rigsofrods.org/api/resources?page=9" headers="map[Accept:[*/*] Accept-Encoding:[gzip, deflate, br] Content-Type:[application/x-www-form-urlencoded] User-Agent:[carbon/vdevelop] Xf-Api-Key:[(redacted)]]"
time=2025-10-04T19:44:39.586-05:00 level=DEBUG msg="request to external HTTP endpoint" method=GET endpoint="https://forum.rigsofrods.org/api/resources?page=2" headers="map[Accept:[*/*] Accept-Encoding:[gzip, deflate, br] Content-Type:[application/x-www-form-urlencoded] User-Agent:[carbon/vdevelop] Xf-Api-Key:[(redacted)]]"
time=2025-10-04T19:44:39.586-05:00 level=DEBUG msg="request to external HTTP endpoint" method=GET endpoint="https://forum.rigsofrods.org/api/resources?page=27" headers="map[Accept:[*/*] Accept-Encoding:[gzip, deflate, br] Content-Type:[application/x-www-form-urlencoded] User-Agent:[carbon/vdevelop] Xf-Api-Key:[(redacted)]]"
time=2025-10-04T19:44:39.586-05:00 level=DEBUG msg="request to external HTTP endpoint" method=GET endpoint="https://forum.rigsofrods.org/api/resources?page=17" headers="map[Accept:[*/*] Accept-Encoding:[gzip, deflate, br] Content-Type:[application/x-www-form-urlencoded] User-Agent:[carbon/vdevelop] Xf-Api-Key:[(redacted)]]"
time=2025-10-04T19:44:39.586-05:00 level=DEBUG msg="request to external HTTP endpoint" method=GET endpoint="https://forum.rigsofrods.org/api/resources?page=14" headers="map[Accept:[*/*] Accept-Encoding:[gzip, deflate, br] Content-Type:[application/x-www-form-urlencoded] User-Agent:[carbon/vdevelop] Xf-Api-Key:[(redacted)]]"
time=2025-10-04T19:44:39.586-05:00 level=DEBUG msg="request to external HTTP endpoint" method=GET endpoint="https://forum.rigsofrods.org/api/resources?page=29" headers="map[Accept:[*/*] Accept-Encoding:[gzip, deflate, br] Content-Type:[application/x-www-form-urlencoded] User-Agent:[carbon/vdevelop] Xf-Api-Key:[(redacted)]]"
time=2025-10-04T19:44:39.586-05:00 level=DEBUG msg="request to external HTTP endpoint" method=GET endpoint="https://forum.rigsofrods.org/api/resources?page=15" headers="map[Accept:[*/*] Accept-Encoding:[gzip, deflate, br] Content-Type:[application/x-www-form-urlencoded] User-Agent:[carbon/vdevelop] Xf-Api-Key:[(redacted)]]"
time=2025-10-04T19:44:39.587-05:00 level=DEBUG msg="request to external HTTP endpoint" method=GET endpoint="https://forum.rigsofrods.org/api/resources?page=16" headers="map[Accept:[*/*] Accept-Encoding:[gzip, deflate, br] Content-Type:[application/x-www-form-urlencoded] User-Agent:[carbon/vdevelop] Xf-Api-Key:[(redacted)]]"
time=2025-10-04T19:44:39.586-05:00 level=DEBUG msg="request to external HTTP endpoint" method=GET endpoint="https://forum.rigsofrods.org/api/resources?page=11" headers="map[Accept:[*/*] Accept-Encoding:[gzip, deflate, br] Content-Type:[application/x-www-form-urlencoded] User-Agent:[carbon/vdevelop] Xf-Api-Key:[(redacted)]]"
time=2025-10-04T19:44:39.587-05:00 level=DEBUG msg="request to external HTTP endpoint" method=GET endpoint="https://forum.rigsofrods.org/api/resources?page=42" headers="map[Accept:[*/*] Accept-Encoding:[gzip, deflate, br] Content-Type:[application/x-www-form-urlencoded] User-Agent:[carbon/vdevelop] Xf-Api-Key:[(redacted)]]"
time=2025-10-04T19:44:39.586-05:00 level=DEBUG msg="request to external HTTP endpoint" method=GET endpoint="https://forum.rigsofrods.org/api/resources?page=38" headers="map[Accept:[*/*] Accept-Encoding:[gzip, deflate, br] Content-Type:[application/x-www-form-urlencoded] User-Agent:[carbon/vdevelop] Xf-Api-Key:[(redacted)]]"
time=2025-10-04T19:44:39.587-05:00 level=DEBUG msg="request to external HTTP endpoint" method=GET endpoint="https://forum.rigsofrods.org/api/resources?page=31" headers="map[Accept:[*/*] Accept-Encoding:[gzip, deflate, br] Content-Type:[application/x-www-form-urlencoded] User-Agent:[carbon/vdevelop] Xf-Api-Key:[(redacted)]]"
time=2025-10-04T19:44:39.587-05:00 level=DEBUG msg="request to external HTTP endpoint" method=GET endpoint="https://forum.rigsofrods.org/api/resources?page=24" headers="map[Accept:[*/*] Accept-Encoding:[gzip, deflate, br] Content-Type:[application/x-www-form-urlencoded] User-Agent:[carbon/vdevelop] Xf-Api-Key:[(redacted)]]"
time=2025-10-04T19:44:39.586-05:00 level=DEBUG msg="request to external HTTP endpoint" method=GET endpoint="https://forum.rigsofrods.org/api/resources?page=18" headers="map[Accept:[*/*] Accept-Encoding:[gzip, deflate, br] Content-Type:[application/x-www-form-urlencoded] User-Agent:[carbon/vdevelop] Xf-Api-Key:[(redacted)]]"
time=2025-10-04T19:44:39.587-05:00 level=DEBUG msg="request to external HTTP endpoint" method=GET endpoint="https://forum.rigsofrods.org/api/resources?page=20" headers="map[Accept:[*/*] Accept-Encoding:[gzip, deflate, br] Content-Type:[application/x-www-form-urlencoded] User-Agent:[carbon/vdevelop] Xf-Api-Key:[(redacted)]]"
time=2025-10-04T19:44:39.586-05:00 level=DEBUG msg="request to external HTTP endpoint" method=GET endpoint="https://forum.rigsofrods.org/api/resources?page=4" headers="map[Accept:[*/*] Accept-Encoding:[gzip, deflate, br] Content-Type:[application/x-www-form-urlencoded] User-Agent:[carbon/vdevelop] Xf-Api-Key:[(redacted)]]"
time=2025-10-04T19:44:39.586-05:00 level=DEBUG msg="request to external HTTP endpoint" method=GET endpoint="https://forum.rigsofrods.org/api/resources?page=13" headers="map[Accept:[*/*] Accept-Encoding:[gzip, deflate, br] Content-Type:[application/x-www-form-urlencoded] User-Agent:[carbon/vdevelop] Xf-Api-Key:[(redacted)]]"
time=2025-10-04T19:44:39.586-05:00 level=DEBUG msg="request to external HTTP endpoint" method=GET endpoint="https://forum.rigsofrods.org/api/resources?page=3" headers="map[Accept:[*/*] Accept-Encoding:[gzip, deflate, br] Content-Type:[application/x-www-form-urlencoded] User-Agent:[carbon/vdevelop] Xf-Api-Key:[(redacted)]]"
time=2025-10-04T19:44:39.586-05:00 level=DEBUG msg="request to external HTTP endpoint" method=GET endpoint="https://forum.rigsofrods.org/api/resources?page=8" headers="map[Accept:[*/*] Accept-Encoding:[gzip, deflate, br] Content-Type:[application/x-www-form-urlencoded] User-Agent:[carbon/vdevelop] Xf-Api-Key:[(redacted)]]"
time=2025-10-04T19:44:39.586-05:00 level=DEBUG msg="request to external HTTP endpoint" method=GET endpoint="https://forum.rigsofrods.org/api/resources?page=28" headers="map[Accept:[*/*] Accept-Encoding:[gzip, deflate, br] Content-Type:[application/x-www-form-urlencoded] User-Agent:[carbon/vdevelop] Xf-Api-Key:[(redacted)]]"
time=2025-10-04T19:44:39.586-05:00 level=DEBUG msg="request to external HTTP endpoint" method=GET endpoint="https://forum.rigsofrods.org/api/resources?page=10" headers="map[Accept:[*/*] Accept-Encoding:[gzip, deflate, br] Content-Type:[application/x-www-form-urlencoded] User-Agent:[carbon/vdevelop] Xf-Api-Key:[(redacted)]]"
time=2025-10-04T19:44:39.586-05:00 level=DEBUG msg="request to external HTTP endpoint" method=GET endpoint="https://forum.rigsofrods.org/api/resources?page=7" headers="map[Accept:[*/*] Accept-Encoding:[gzip, deflate, br] Content-Type:[application/x-www-form-urlencoded] User-Agent:[carbon/vdevelop] Xf-Api-Key:[(redacted)]]"
time=2025-10-04T19:44:39.587-05:00 level=DEBUG msg="request to external HTTP endpoint" method=GET endpoint="https://forum.rigsofrods.org/api/resources?page=41" headers="map[Accept:[*/*] Accept-Encoding:[gzip, deflate, br] Content-Type:[application/x-www-form-urlencoded] User-Agent:[carbon/vdevelop] Xf-Api-Key:[(redacted)]]"
time=2025-10-04T19:44:39.587-05:00 level=DEBUG msg="request to external HTTP endpoint" method=GET endpoint="https://forum.rigsofrods.org/api/resources?page=12" headers="map[Accept:[*/*] Accept-Encoding:[gzip, deflate, br] Content-Type:[application/x-www-form-urlencoded] User-Agent:[carbon/vdevelop] Xf-Api-Key:[(redacted)]]"
time=2025-10-04T19:44:39.586-05:00 level=DEBUG msg="request to external HTTP endpoint" method=GET endpoint="https://forum.rigsofrods.org/api/resources?page=43" headers="map[Accept:[*/*] Accept-Encoding:[gzip, deflate, br] Content-Type:[application/x-www-form-urlencoded] User-Agent:[carbon/vdevelop] Xf-Api-Key:[(redacted)]]"
time=2025-10-04T19:44:39.586-05:00 level=DEBUG msg="request to external HTTP endpoint" method=GET endpoint="https://forum.rigsofrods.org/api/resources?page=48" headers="map[Accept:[*/*] Accept-Encoding:[gzip, deflate, br] Content-Type:[application/x-www-form-urlencoded] User-Agent:[carbon/vdevelop] Xf-Api-Key:[(redacted)]]"
time=2025-10-04T19:44:39.587-05:00 level=DEBUG msg="request to external HTTP endpoint" method=GET endpoint="https://forum.rigsofrods.org/api/resources?page=23" headers="map[Accept:[*/*] Accept-Encoding:[gzip, deflate, br] Content-Type:[application/x-www-form-urlencoded] User-Agent:[carbon/vdevelop] Xf-Api-Key:[(redacted)]]"
time=2025-10-04T19:44:39.587-05:00 level=DEBUG msg="request to external HTTP endpoint" method=GET endpoint="https://forum.rigsofrods.org/api/resources?page=22" headers="map[Accept:[*/*] Accept-Encoding:[gzip, deflate, br] Content-Type:[application/x-www-form-urlencoded] User-Agent:[carbon/vdevelop] Xf-Api-Key:[(redacted)]]"
time=2025-10-04T19:44:39.587-05:00 level=DEBUG msg="request to external HTTP endpoint" method=GET endpoint="https://forum.rigsofrods.org/api/resources?page=39" headers="map[Accept:[*/*] Accept-Encoding:[gzip, deflate, br] Content-Type:[application/x-www-form-urlencoded] User-Agent:[carbon/vdevelop] Xf-Api-Key:[(redacted)]]"
time=2025-10-04T19:44:39.587-05:00 level=DEBUG msg="request to external HTTP endpoint" method=GET endpoint="https://forum.rigsofrods.org/api/resources?page=30" headers="map[Accept:[*/*] Accept-Encoding:[gzip, deflate, br] Content-Type:[application/x-www-form-urlencoded] User-Agent:[carbon/vdevelop] Xf-Api-Key:[(redacted)]]"
time=2025-10-04T19:44:39.588-05:00 level=DEBUG msg="request to external HTTP endpoint" method=GET endpoint="https://forum.rigsofrods.org/api/resources?page=34" headers="map[Accept:[*/*] Accept-Encoding:[gzip, deflate, br] Content-Type:[application/x-www-form-urlencoded] User-Agent:[carbon/vdevelop] Xf-Api-Key:[(redacted)]]"
time=2025-10-04T19:44:39.588-05:00 level=DEBUG msg="request to external HTTP endpoint" method=GET endpoint="https://forum.rigsofrods.org/api/resources?page=33" headers="map[Accept:[*/*] Accept-Encoding:[gzip, deflate, br] Content-Type:[application/x-www-form-urlencoded] User-Agent:[carbon/vdevelop] Xf-Api-Key:[(redacted)]]"
time=2025-10-04T19:44:39.588-05:00 level=DEBUG msg="request to external HTTP endpoint" method=GET endpoint="https://forum.rigsofrods.org/api/resources?page=46" headers="map[Accept:[*/*] Accept-Encoding:[gzip, deflate, br] Content-Type:[application/x-www-form-urlencoded] User-Agent:[carbon/vdevelop] Xf-Api-Key:[(redacted)]]"
time=2025-10-04T19:44:39.587-05:00 level=DEBUG msg="request to external HTTP endpoint" method=GET endpoint="https://forum.rigsofrods.org/api/resources?page=25" headers="map[Accept:[*/*] Accept-Encoding:[gzip, deflate, br] Content-Type:[application/x-www-form-urlencoded] User-Agent:[carbon/vdevelop] Xf-Api-Key:[(redacted)]]"
time=2025-10-04T19:44:39.588-05:00 level=DEBUG msg="request to external HTTP endpoint" method=GET endpoint="https://forum.rigsofrods.org/api/resources?page=47" headers="map[Accept:[*/*] Accept-Encoding:[gzip, deflate, br] Content-Type:[application/x-www-form-urlencoded] User-Agent:[carbon/vdevelop] Xf-Api-Key:[(redacted)]]"
time=2025-10-04T19:44:39.587-05:00 level=DEBUG msg="request to external HTTP endpoint" method=GET endpoint="https://forum.rigsofrods.org/api/resources?page=21" headers="map[Accept:[*/*] Accept-Encoding:[gzip, deflate, br] Content-Type:[application/x-www-form-urlencoded] User-Agent:[carbon/vdevelop] Xf-Api-Key:[(redacted)]]"
time=2025-10-04T19:44:39.587-05:00 level=DEBUG msg="request to external HTTP endpoint" method=GET endpoint="https://forum.rigsofrods.org/api/resources?page=40" headers="map[Accept:[*/*] Accept-Encoding:[gzip, deflate, br] Content-Type:[application/x-www-form-urlencoded] User-Agent:[carbon/vdevelop] Xf-Api-Key:[(redacted)]]"
time=2025-10-04T19:44:39.587-05:00 level=DEBUG msg="request to external HTTP endpoint" method=GET endpoint="https://forum.rigsofrods.org/api/resources?page=44" headers="map[Accept:[*/*] Accept-Encoding:[gzip, deflate, br] Content-Type:[application/x-www-form-urlencoded] User-Agent:[carbon/vdevelop] Xf-Api-Key:[(redacted)]]"
time=2025-10-04T19:44:39.587-05:00 level=DEBUG msg="request to external HTTP endpoint" method=GET endpoint="https://forum.rigsofrods.org/api/resources?page=26" headers="map[Accept:[*/*] Accept-Encoding:[gzip, deflate, br] Content-Type:[application/x-www-form-urlencoded] User-Agent:[carbon/vdevelop] Xf-Api-Key:[(redacted)]]"
time=2025-10-04T19:44:39.587-05:00 level=DEBUG msg="request to external HTTP endpoint" method=GET endpoint="https://forum.rigsofrods.org/api/resources?page=6" headers="map[Accept:[*/*] Accept-Encoding:[gzip, deflate, br] Content-Type:[application/x-www-form-urlencoded] User-Agent:[carbon/vdevelop] Xf-Api-Key:[(redacted)]]"
time=2025-10-04T19:44:39.588-05:00 level=DEBUG msg="request to external HTTP endpoint" method=GET endpoint="https://forum.rigsofrods.org/api/resources?page=32" headers="map[Accept:[*/*] Accept-Encoding:[gzip, deflate, br] Content-Type:[application/x-www-form-urlencoded] User-Agent:[carbon/vdevelop] Xf-Api-Key:[(redacted)]]"
time=2025-10-04T19:44:39.588-05:00 level=DEBUG msg="request to external HTTP endpoint" method=GET endpoint="https://forum.rigsofrods.org/api/resources?page=45" headers="map[Accept:[*/*] Accept-Encoding:[gzip, deflate, br] Content-Type:[application/x-www-form-urlencoded] User-Agent:[carbon/vdevelop] Xf-Api-Key:[(redacted)]]"
time=2025-10-04T19:44:39.588-05:00 level=DEBUG msg="request to external HTTP endpoint" method=GET endpoint="https://forum.rigsofrods.org/api/resources?page=36" headers="map[Accept:[*/*] Accept-Encoding:[gzip, deflate, br] Content-Type:[application/x-www-form-urlencoded] User-Agent:[carbon/vdevelop] Xf-Api-Key:[(redacted)]]"
time=2025-10-04T19:44:39.588-05:00 level=DEBUG msg="request to external HTTP endpoint" method=GET endpoint="https://forum.rigsofrods.org/api/resources?page=37" headers="map[Accept:[*/*] Accept-Encoding:[gzip, deflate, br] Content-Type:[application/x-www-form-urlencoded] User-Agent:[carbon/vdevelop] Xf-Api-Key:[(redacted)]]"
time=2025-10-04T19:44:39.587-05:00 level=DEBUG msg="request to external HTTP endpoint" method=GET endpoint="https://forum.rigsofrods.org/api/resources?page=19" headers="map[Accept:[*/*] Accept-Encoding:[gzip, deflate, br] Content-Type:[application/x-www-form-urlencoded] User-Agent:[carbon/vdevelop] Xf-Api-Key:[(redacted)]]"
time=2025-10-04T19:44:39.588-05:00 level=DEBUG msg="request to external HTTP endpoint" method=GET endpoint="https://forum.rigsofrods.org/api/resources?page=35" headers="map[Accept:[*/*] Accept-Encoding:[gzip, deflate, br] Content-Type:[application/x-www-form-urlencoded] User-Agent:[carbon/vdevelop] Xf-Api-Key:[(redacted)]]"
time=2025-10-04T19:44:41.368-05:00 level=INFO msg="starting resource manager..."
time=2025-10-04T19:44:41.369-05:00 level=INFO msg="starting webserver" use_ssl=false use_auto_tls=false host_address=0.0.0.0 host_port=8081
time=2025-10-04T19:44:41.369-05:00 level=INFO msg="web server started"
time=2025-10-04T19:44:47.660-05:00 level=WARN msg="shutting down..."
time=2025-10-04T19:45:15.948-05:00 level=DEBUG msg="running in debug mode"
time=2025-10-04T19:45:15.948-05:00 level=INFO msg="connected to the database"
time=2025-10-04T19:45:15.964-05:00 level=INFO msg="database migrations completed"
time=2025-10-04T19:45:15.964-05:00 level=INFO msg="fetching resources from remote API..."
time=2025-10-04T19:45:15.964-05:00 level=DEBUG msg="request to external HTTP endpoint" method=GET endpoint="https://forum.rigsofrods.org/api/resources?page=1" headers="map[Accept:[*/*] Accept-Encoding:[gzip, deflate, br] Content-Type:[application/x-www-form-urlencoded] User-Agent:[carbon/vdevelop] Xf-Api-Key:[(redacted)]]"
time=2025-10-04T19:45:16.255-05:00 level=DEBUG msg="request to external HTTP endpoint" method=GET endpoint="https://forum.rigsofrods.org/api/resources?page=6" headers="map[Accept:[*/*] Accept-Encoding:[gzip, deflate, br] Content-Type:[application/x-www-form-urlencoded] User-Agent:[carbon/vdevelop] Xf-Api-Key:[(redacted)]]"
time=2025-10-04T19:45:16.255-05:00 level=DEBUG msg="request to external HTTP endpoint" method=GET endpoint="https://forum.rigsofrods.org/api/resources?page=42" headers="map[Accept:[*/*] Accept-Encoding:[gzip, deflate, br] Content-Type:[application/x-www-form-urlencoded] User-Agent:[carbon/vdevelop] Xf-Api-Key:[(redacted)]]"
time=2025-10-04T19:45:16.255-05:00 level=DEBUG msg="request to external HTTP endpoint" method=GET endpoint="https://forum.rigsofrods.org/api/resources?page=16" headers="map[Accept:[*/*] Accept-Encoding:[gzip, deflate, br] Content-Type:[application/x-www-form-urlencoded] User-Agent:[carbon/vdevelop] Xf-Api-Key:[(redacted)]]"
time=2025-10-04T19:45:16.255-05:00 level=DEBUG msg="request to external HTTP endpoint" method=GET endpoint="https://forum.rigsofrods.org/api/resources?page=14" headers="map[Accept:[*/*] Accept-Encoding:[gzip, deflate, br] Content-Type:[application/x-www-form-urlencoded] User-Agent:[carbon/vdevelop] Xf-Api-Key:[(redacted)]]"
time=2025-10-04T19:45:16.255-05:00 level=DEBUG msg="request to external HTTP endpoint" method=GET endpoint="https://forum.rigsofrods.org/api/resources?page=45" headers="map[Accept:[*/*] Accept-Encoding:[gzip, deflate, br] Content-Type:[application/x-www-form-urlencoded] User-Agent:[carbon/vdevelop] Xf-Api-Key:[(redacted)]]"
time=2025-10-04T19:45:16.255-05:00 level=DEBUG msg="request to external HTTP endpoint" method=GET endpoint="https://forum.rigsofrods.org/api/resources?page=40" headers="map[Accept:[*/*] Accept-Encoding:[gzip, deflate, br] Content-Type:[application/x-www-form-urlencoded] User-Agent:[carbon/vdevelop] Xf-Api-Key:[(redacted)]]"
time=2025-10-04T19:45:16.255-05:00 level=DEBUG msg="request to external HTTP endpoint" method=GET endpoint="https://forum.rigsofrods.org/api/resources?page=34" headers="map[Accept:[*/*] Accept-Encoding:[gzip, deflate, br] Content-Type:[application/x-www-form-urlencoded] User-Agent:[carbon/vdevelop] Xf-Api-Key:[(redacted)]]"
time=2025-10-04T19:45:16.255-05:00 level=DEBUG msg="request to external HTTP endpoint" method=GET endpoint="https://forum.rigsofrods.org/api/resources?page=29" headers="map[Accept:[*/*] Accept-Encoding:[gzip, deflate, br] Content-Type:[application/x-www-form-urlencoded] User-Agent:[carbon/vdevelop] Xf-Api-Key:[(redacted)]]"
time=2025-10-04T19:45:16.255-05:00 level=DEBUG msg="request to external HTTP endpoint" method=GET endpoint="https://forum.rigsofrods.org/api/resources?page=28" headers="map[Accept:[*/*] Accept-Encoding:[gzip, deflate, br] Content-Type:[application/x-www-form-urlencoded] User-Agent:[carbon/vdevelop] Xf-Api-Key:[(redacted)]]"
time=2025-10-04T19:45:16.255-05:00 level=DEBUG msg="request to external HTTP endpoint" method=GET endpoint="https://forum.rigsofrods.org/api/resources?page=24" headers="map[Accept:[*/*] Accept-Encoding:[gzip, deflate, br] Content-Type:[application/x-www-form-urlencoded] User-Agent:[carbon/vdevelop] Xf-Api-Key:[(redacted)]]"
time=2025-10-04T19:45:16.255-05:00 level=DEBUG msg="request to external HTTP endpoint" method=GET endpoint="https://forum.rigsofrods.org/api/resources?page=38" headers="map[Accept:[*/*] Accept-Encoding:[gzip, deflate, br] Content-Type:[application/x-www-form-urlencoded] User-Agent:[carbon/vdevelop] Xf-Api-Key:[(redacted)]]"
time=2025-10-04T19:45:16.255-05:00 level=DEBUG msg="request to external HTTP endpoint" method=GET endpoint="https://forum.rigsofrods.org/api/resources?page=21" headers="map[Accept:[*/*] Accept-Encoding:[gzip, deflate, br] Content-Type:[application/x-www-form-urlencoded] User-Agent:[carbon/vdevelop] Xf-Api-Key:[(redacted)]]"
time=2025-10-04T19:45:16.255-05:00 level=DEBUG msg="request to external HTTP endpoint" method=GET endpoint="https://forum.rigsofrods.org/api/resources?page=19" headers="map[Accept:[*/*] Accept-Encoding:[gzip, deflate, br] Content-Type:[application/x-www-form-urlencoded] User-Agent:[carbon/vdevelop] Xf-Api-Key:[(redacted)]]"
time=2025-10-04T19:45:16.255-05:00 level=DEBUG msg="request to external HTTP endpoint" method=GET endpoint="https://forum.rigsofrods.org/api/resources?page=10" headers="map[Accept:[*/*] Accept-Encoding:[gzip, deflate, br] Content-Type:[application/x-www-form-urlencoded] User-Agent:[carbon/vdevelop] Xf-Api-Key:[(redacted)]]"
time=2025-10-04T19:45:16.255-05:00 level=DEBUG msg="request to external HTTP endpoint" method=GET endpoint="https://forum.rigsofrods.org/api/resources?page=13" headers="map[Accept:[*/*] Accept-Encoding:[gzip, deflate, br] Content-Type:[application/x-www-form-urlencoded] User-Agent:[carbon/vdevelop] Xf-Api-Key:[(redacted)]]"
time=2025-10-04T19:45:16.255-05:00 level=DEBUG msg="request to external HTTP endpoint" method=GET endpoint="https://forum.rigsofrods.org/api/resources?page=43" headers="map[Accept:[*/*] Accept-Encoding:[gzip, deflate, br] Content-Type:[application/x-www-form-urlencoded] User-Agent:[carbon/vdevelop] Xf-Api-Key:[(redacted)]]"
time=2025-10-04T19:45:16.255-05:00 level=DEBUG msg="request to external HTTP endpoint" method=GET endpoint="https://forum.rigsofrods.org/api/resources?page=33" headers="map[Accept:[*/*] Accept-Encoding:[gzip, deflate, br] Content-Type:[application/x-www-form-urlencoded] User-Agent:[carbon/vdevelop] Xf-Api-Key:[(redacted)]]"
time=2025-10-04T19:45:16.255-05:00 level=DEBUG msg="request to external HTTP endpoint" method=GET endpoint="https://forum.rigsofrods.org/api/resources?page=39" headers="map[Accept:[*/*] Accept-Encoding:[gzip, deflate, br] Content-Type:[application/x-www-form-urlencoded] User-Agent:[carbon/vdevelop] Xf-Api-Key:[(redacted)]]"
time=2025-10-04T19:45:16.255-05:00 level=DEBUG msg="request to external HTTP endpoint" method=GET endpoint="https://forum.rigsofrods.org/api/resources?page=3" headers="map[Accept:[*/*] Accept-Encoding:[gzip, deflate, br] Content-Type:[application/x-www-form-urlencoded] User-Agent:[carbon/vdevelop] Xf-Api-Key:[(redacted)]]"
time=2025-10-04T19:45:16.256-05:00 level=DEBUG msg="request to external HTTP endpoint" method=GET endpoint="https://forum.rigsofrods.org/api/resources?page=11" headers="map[Accept:[*/*] Accept-Encoding:[gzip, deflate, br] Content-Type:[application/x-www-form-urlencoded] User-Agent:[carbon/vdevelop] Xf-Api-Key:[(redacted)]]"
time=2025-10-04T19:45:16.256-05:00 level=DEBUG msg="request to external HTTP endpoint" method=GET endpoint="https://forum.rigsofrods.org/api/resources?page=31" headers="map[Accept:[*/*] Accept-Encoding:[gzip, deflate, br] Content-Type:[application/x-www-form-urlencoded] User-Agent:[carbon/vdevelop] Xf-Api-Key:[(redacted)]]"
time=2025-10-04T19:45:16.256-05:00 level=DEBUG msg="request to external HTTP endpoint" method=GET endpoint="https://forum.rigsofrods.org/api/resources?page=30" headers="map[Accept:[*/*] Accept-Encoding:[gzip, deflate, br] Content-Type:[application/x-www-form-urlencoded] User-Agent:[carbon/vdevelop] Xf-Api-Key:[(redacted)]]"
time=2025-10-04T19:45:16.255-05:00 level=DEBUG msg="request to external HTTP endpoint" method=GET endpoint="https://forum.rigsofrods.org/api/resources?page=32" headers="map[Accept:[*/*] Accept-Encoding:[gzip, deflate, br] Content-Type:[application/x-www-form-urlencoded] User-Agent:[carbon/vdevelop] Xf-Api-Key:[(redacted)]]"
time=2025-10-04T19:45:16.255-05:00 level=DEBUG msg="request to external HTTP endpoint" method=GET endpoint="https://forum.rigsofrods.org/api/resources?page=22" headers="map[Accept:[*/*] Accept-Encoding:[gzip, deflate, br] Content-Type:[application/x-www-form-urlencoded] User-Agent:[carbon/vdevelop] Xf-Api-Key:[(redacted)]]"
time=2025-10-04T19:45:16.255-05:00 level=DEBUG msg="request to external HTTP endpoint" method=GET endpoint="https://forum.rigsofrods.org/api/resources?page=5" headers="map[Accept:[*/*] Accept-Encoding:[gzip, deflate, br] Content-Type:[application/x-www-form-urlencoded] User-Agent:[carbon/vdevelop] Xf-Api-Key:[(redacted)]]"
time=2025-10-04T19:45:16.255-05:00 level=DEBUG msg="request to external HTTP endpoint" method=GET endpoint="https://forum.rigsofrods.org/api/resources?page=26" headers="map[Accept:[*/*] Accept-Encoding:[gzip, deflate, br] Content-Type:[application/x-www-form-urlencoded] User-Agent:[carbon/vdevelop] Xf-Api-Key:[(redacted)]]"
time=2025-10-04T19:45:16.256-05:00 level=DEBUG msg="request to external HTTP endpoint" method=GET endpoint="https://forum.rigsofrods.org/api/resources?page=36" headers="map[Accept:[*/*] Accept-Encoding:[gzip, deflate, br] Content-Type:[application/x-www-form-urlencoded] User-Agent:[carbon/vdevelop] Xf-Api-Key:[(redacted)]]"
time=2025-10-04T19:45:16.255-05:00 level=DEBUG msg="request to external HTTP endpoint" method=GET endpoint="https://forum.rigsofrods.org/api/resources?page=44" headers="map[Accept:[*/*] Accept-Encoding:[gzip, deflate, br] Content-Type:[application/x-www-form-urlencoded] User-Agent:[carbon/vdevelop] Xf-Api-Key:[(redacted)]]"
time=2025-10-04T19:45:16.256-05:00 level=DEBUG msg="request to external HTTP endpoint" method=GET endpoint="https://forum.rigsofrods.org/api/resources?page=18" headers="map[Accept:[*/*] Accept-Encoding:[gzip, deflate, br] Content-Type:[application/x-www-form-urlencoded] User-Agent:[carbon/vdevelop] Xf-Api-Key:[(redacted)]]"
time=2025-10-04T19:45:16.255-05:00 level=DEBUG msg="request to external HTTP endpoint" method=GET endpoint="https://forum.rigsofrods.org/api/resources?page=8" headers="map[Accept:[*/*] Accept-Encoding:[gzip, deflate, br] Content-Type:[application/x-www-form-urlencoded] User-Agent:[carbon/vdevelop] Xf-Api-Key:[(redacted)]]"
time=2025-10-04T19:45:16.256-05:00 level=DEBUG msg="request to external HTTP endpoint" method=GET endpoint="https://forum.rigsofrods.org/api/resources?page=23" headers="map[Accept:[*/*] Accept-Encoding:[gzip, deflate, br] Content-Type:[application/x-www-form-urlencoded] User-Agent:[carbon/vdevelop] Xf-Api-Key:[(redacted)]]"
time=2025-10-04T19:45:16.256-05:00 level=DEBUG msg="request to external HTTP endpoint" method=GET endpoint="https://forum.rigsofrods.org/api/resources?page=46" headers="map[Accept:[*/*] Accept-Encoding:[gzip, deflate, br] Content-Type:[application/x-www-form-urlencoded] User-Agent:[carbon/vdevelop] Xf-Api-Key:[(redacted)]]"
time=2025-10-04T19:45:16.256-05:00 level=DEBUG msg="request to external HTTP endpoint" method=GET endpoint="https://forum.rigsofrods.org/api/resources?page=47" headers="map[Accept:[*/*] Accept-Encoding:[gzip, deflate, br] Content-Type:[application/x-www-form-urlencoded] User-Agent:[carbon/vdevelop] Xf-Api-Key:[(redacted)]]"
time=2025-10-04T19:45:16.256-05:00 level=DEBUG msg="request to external HTTP endpoint" method=GET endpoint="https://forum.rigsofrods.org/api/resources?page=7" headers="map[Accept:[*/*] Accept-Encoding:[gzip, deflate, br] Content-Type:[application/x-www-form-urlencoded] User-Agent:[carbon/vdevelop] Xf-Api-Key:[(redacted)]]"
time=2025-10-04T19:45:16.256-05:00 level=DEBUG msg="request to external HTTP endpoint" method=GET endpoint="https://forum.rigsofrods.org/api/resources?page=25" headers="map[Accept:[*/*] Accept-Encoding:[gzip, deflate, br] Content-Type:[application/x-www-form-urlencoded] User-Agent:[carbon/vdevelop] Xf-Api-Key:[(redacted)]]"
time=2025-10-04T19:45:16.256-05:00 level=DEBUG msg="request to external HTTP endpoint" method=GET endpoint="https://forum.rigsofrods.org/api/resources?page=27" headers="map[Accept:[*/*] Accept-Encoding:[gzip, deflate, br] Content-Type:[application/x-www-form-urlencoded] User-Agent:[carbon/vdevelop] Xf-Api-Key:[(redacted)]]"
time=2025-10-04T19:45:16.256-05:00 level=DEBUG msg="request to external HTTP endpoint" method=GET endpoint="https://forum.rigsofrods.org/api/resources?page=17" headers="map[Accept:[*/*] Accept-Encoding:[gzip, deflate, br] Content-Type:[application/x-www-form-urlencoded] User-Agent:[carbon/vdevelop] Xf-Api-Key:[(redacted)]]"
time=2025-10-04T19:45:16.256-05:00 level=DEBUG msg="request to external HTTP endpoint" method=GET endpoint="https://forum.rigsofrods.org/api/resources?page=35" headers="map[Accept:[*/*] Accept-Encoding:[gzip, deflate, br] Content-Type:[application/x-www-form-urlencoded] User-Agent:[carbon/vdevelop] Xf-Api-Key:[(redacted)]]"
time=2025-10-04T19:45:16.255-05:00 level=DEBUG msg="request to external HTTP endpoint" method=GET endpoint="https://forum.rigsofrods.org/api/resources?page=4" headers="map[Accept:[*/*] Accept-Encoding:[gzip, deflate, br] Content-Type:[application/x-www-form-urlencoded] User-Agent:[carbon/vdevelop] Xf-Api-Key:[(redacted)]]"
time=2025-10-04T19:45:16.255-05:00 level=DEBUG msg="request to external HTTP endpoint" method=GET endpoint="https://forum.rigsofrods.org/api/resources?page=48" headers="map[Accept:[*/*] Accept-Encoding:[gzip, deflate, br] Content-Type:[application/x-www-form-urlencoded] User-Agent:[carbon/vdevelop] Xf-Api-Key:[(redacted)]]"
time=2025-10-04T19:45:16.256-05:00 level=DEBUG msg="request to external HTTP endpoint" method=GET endpoint="https://forum.rigsofrods.org/api/resources?page=41" headers="map[Accept:[*/*] Accept-Encoding:[gzip, deflate, br] Content-Type:[application/x-www-form-urlencoded] User-Agent:[carbon/vdevelop] Xf-Api-Key:[(redacted)]]"
time=2025-10-04T19:45:16.255-05:00 level=DEBUG msg="request to external HTTP endpoint" method=GET endpoint="https://forum.rigsofrods.org/api/resources?page=15" headers="map[Accept:[*/*] Accept-Encoding:[gzip, deflate, br] Content-Type:[application/x-www-form-urlencoded] User-Agent:[carbon/vdevelop] Xf-Api-Key:[(redacted)]]"
time=2025-10-04T19:45:16.256-05:00 level=DEBUG msg="request to external HTTP endpoint" method=GET endpoint="https://forum.rigsofrods.org/api/resources?page=9" headers="map[Accept:[*/*] Accept-Encoding:[gzip, deflate, br] Content-Type:[application/x-www-form-urlencoded] User-Agent:[carbon/vdevelop] Xf-Api-Key:[(redacted)]]"
time=2025-10-04T19:45:16.255-05:00 level=DEBUG msg="request to external HTTP endpoint" method=GET endpoint="https://forum.rigsofrods.org/api/resources?page=2" headers="map[Accept:[*/*] Accept-Encoding:[gzip, deflate, br] Content-Type:[application/x-www-form-urlencoded] User-Agent:[carbon/vdevelop] Xf-Api-Key:[(redacted)]]"
time=2025-10-04T19:45:16.256-05:00 level=DEBUG msg="request to external HTTP endpoint" method=GET endpoint="https://forum.rigsofrods.org/api/resources?page=37" headers="map[Accept:[*/*] Accept-Encoding:[gzip, deflate, br] Content-Type:[application/x-www-form-urlencoded] User-Agent:[carbon/vdevelop] Xf-Api-Key:[(redacted)]]"
time=2025-10-04T19:45:16.256-05:00 level=DEBUG msg="request to external HTTP endpoint" method=GET endpoint="https://forum.rigsofrods.org/api/resources?page=12" headers="map[Accept:[*/*] Accept-Encoding:[gzip, deflate, br] Content-Type:[application/x-www-form-urlencoded] User-Agent:[carbon/vdevelop] Xf-Api-Key:[(redacted)]]"
time=2025-10-04T19:45:16.256-05:00 level=DEBUG msg="request to external HTTP endpoint" method=GET endpoint="https://forum.rigsofrods.org/api/resources?page=20" headers="map[Accept:[*/*] Accept-Encoding:[gzip, deflate, br] Content-Type:[application/x-www-form-urlencoded] User-Agent:[carbon/vdevelop] Xf-Api-Key:[(redacted)]]"
time=2025-10-04T19:45:17.778-05:00 level=INFO msg="starting resource manager..."
time=2025-10-04T19:45:17.778-05:00 level=INFO msg="starting webserver" use_ssl=false use_auto_tls=false host_address=0.0.0.0 host_port=8081
time=2025-10-04T19:45:17.778-05:00 level=INFO msg="web server started"
time=2025-10-04T19:49:39.209-05:00 level=WARN msg="shutting down..."
